"scenario","time","fast_cycle","slow_memory","release_event","phase","cross_scale_coupling"
"baseline_panarchy",1,0.5,1,0,"reorganization",0.5
"baseline_panarchy",2,0.52271,1.006,0,"reorganization",0.52584626
"baseline_panarchy",3,0.547620212795,1.01194,0,"reorganization",0.554158798135772
"baseline_panarchy",4,0.574913572969118,1.0178206,0,"reorganization",0.585158877787572
"baseline_panarchy",5,0.604775299614971,1.023642394,0,"reorganization",0.619073635529936
"baseline_panarchy",6,0.637389506834248,1.02940597006,0,"reorganization",0.656132563588774
"baseline_panarchy",7,0.672934998014386,1.0351119103594,0,"reorganization",0.69656303134237
"baseline_panarchy",8,0.711580196984258,1.04076079125581,0,"reorganization",0.740584768855299
"baseline_panarchy",9,0.753477207781281,1.04635318334325,0,"reorganization",0.788403274938525
"baseline_panarchy",10,0.798755049029375,1.05188965150982,0,"reorganization",0.840202170165215
"baseline_panarchy",11,0.847512179760609,1.05737075499472,0,"growth",0.896134593380694
"baseline_panarchy",12,0.899808520041167,1.06279704744477,0,"growth",0.956313838365401
"baseline_panarchy",13,0.9556572685092,1.06816907697032,0,"growth",1.02080354240345
"baseline_panarchy",14,1.01501692308734,1.07348738620062,0,"growth",1.08960786371443
"baseline_panarchy",15,1.07778401010944,1.07875251233861,0,"growth",1.16266220866394
"baseline_panarchy",16,1.14378710667001,1.08396498721523,0,"growth",1.2398251764585
"baseline_panarchy",17,1.21278278429777,1.08912533734307,0,"growth",1.32087245907219
"baseline_panarchy",18,1.28445409164246,1.09423408396964,0,"growth",1.40549344636945
"baseline_panarchy",19,1.35841211492037,1.09929174312995,0,"growth",1.49329122169966
"baseline_panarchy",20,1.43420099905857,1.10429882569865,0,"growth",1.5837864790762
"baseline_panarchy",21,1.51130658187748,1.10925583744166,0,"growth",1.6764256481116
"baseline_panarchy",22,1.58916850352858,1.11416327906725,0,"growth",1.77059319088179
"baseline_panarchy",23,1.66719533275709,1.11902164627657,0,"growth",1.86562766592646
"baseline_panarchy",24,1.74478194046123,1.12383142981381,0,"growth",1.96084078286186
"baseline_panarchy",25,1.82132809460499,1.12859311551567,0,"growth",2.05553834866647
"baseline_panarchy",26,1.89625709054328,1.13330718436051,0,"growth",2.14904178410726
"baseline_panarchy",27,1.96903319654768,1.13797411251691,0,"growth",2.24070880435767
"baseline_panarchy",28,2.03917679553732,1.14259437139174,0,"growth",2.32995192885359
"baseline_panarchy",29,2.10627632790779,1.14716842767782,0,"conservation",2.41625370334099
"baseline_panarchy",30,2.16999645370261,1.15169674340104,0,"conservation",2.4991778489211
"baseline_panarchy",31,2.23008220852769,1.15617977596703,0,"conservation",2.57837594824361
"baseline_panarchy",32,2.28635927621243,1.16061797820736,0,"conservation",2.65358968061332
"baseline_panarchy",33,2.33873079809858,1.16501179842529,0,"conservation",2.72464897312544
"baseline_panarchy",34,2.38717135343703,1.16936168044104,0,"conservation",2.79146670535583
"baseline_panarchy",35,2.43171886424543,1.17366806363662,0,"conservation",2.85403077070759
"baseline_panarchy",36,2.47246520410243,1.17793138300026,0,"conservation",2.91239435728839
"baseline_panarchy",37,2.50954623926489,1.18215206917026,0,"conservation",2.96666527942543
"baseline_panarchy",38,1.19788567808419,1.32215206917026,1,"release",1.58378702790842
"baseline_panarchy",39,1.25840128535282,1.32493054847855,0,"growth",1.66729430520863
"baseline_panarchy",40,1.32104120088689,1.32768124299377,0,"growth",1.75392162363949
"baseline_panarchy",41,1.38549995593699,1.33040443056383,0,"growth",1.84327527992457
"baseline_panarchy",42,1.45142560156577,1.33310038625819,0,"growth",1.93489603007236
"baseline_panarchy",43,1.51842578145546,1.33576938239561,0,"growth",2.02826666830833
"baseline_panarchy",44,1.58607592230726,1.33841168857165,0,"growth",2.1228225533781
"baseline_panarchy",45,1.65392925823355,1.34102757168594,0,"growth",2.21796473690927
"baseline_panarchy",46,1.72152823961292,1.34361729596908,0,"growth",2.31307511824311
"baseline_panarchy",47,1.78841673958955,1.34618112300939,0,"growth",2.40753285490944
"baseline_panarchy",48,1.85415238227319,1.34871931177929,0,"growth",2.50073112495344
"baseline_panarchy",49,1.91831828981325,1.3512321186615,0,"growth",2.59209328701146
"baseline_panarchy",50,1.98053358655047,1.35371979747489,0,"growth",2.6810875256773
"baseline_panarchy",51,2.04046210321033,1.35618259950014,0,"growth",2.7672391993133
"baseline_panarchy",52,2.09781887910478,1.35862077350513,0,"conservation",2.85014030820301
"baseline_panarchy",53,2.15237424520666,1.36103456577008,0,"conservation",2.92945574619956
"baseline_panarchy",54,2.20395546231061,1.36342422011238,0,"conservation",3.00492625736327
"baseline_panarchy",55,2.25244606390577,1.36578997791126,0,"conservation",3.07636825986816
"baseline_panarchy",56,2.29778319509219,1.36813207813215,0,"conservation",3.1436708977986
"baseline_panarchy",57,2.33995333598124,1.37045075735082,0,"conservation",3.20679082146108
"baseline_panarchy",58,2.37898684716389,1.37274624977732,0,"conservation",3.2657452727138
"baseline_panarchy",59,2.41495177933377,1.37501878727954,0,"conservation",3.3206040669581
"baseline_panarchy",60,2.44794735719868,1.37726859940675,0,"conservation",3.37148102807048
"baseline_panarchy",61,2.47809749018658,1.37949591341268,0,"conservation",3.4185253607506
"baseline_panarchy",62,2.50554459039971,1.38170095427855,0,"conservation",3.46191335154275
"baseline_panarchy",63,2.53044390186307,1.38388394473577,0,"conservation",3.50184068884283
"baseline_panarchy",64,1.20778283162425,1.52388394473577,1,"release",1.8405208658397
"baseline_panarchy",65,1.25954297937205,1.52464510528841,0,"growth",1.92035603839998
"baseline_panarchy",66,1.31316477470248,1.52539865423553,0,"growth",2.00309978012066
"baseline_panarchy",67,1.36843422340932,1.52614466769317,0,"growth",2.08842859314498
"baseline_panarchy",68,1.42510242728503,1.52688322101624,0,"growth",2.17596498445103
"baseline_panarchy",69,1.48288881516487,1.52761438880608,0,"growth",2.26528229104545
"baseline_panarchy",70,1.54148575115184,1.52833824491802,0,"growth",2.35591162748153
"baseline_panarchy",71,1.60056441587889,1.52905486246884,0,"growth",2.44735080279421
"baseline_panarchy",72,1.65978176193767,1.52976431384415,0,"growth",2.53907490818161
"baseline_panarchy",73,1.71878825735182,1.53046667070571,0,"growth",2.6305481418773
"baseline_panarchy",74,1.77723606133108,1.53116200399865,0,"growth",2.72123632924636
"baseline_panarchy",75,1.83478723337793,1.53185038395866,0,"growth",2.81061952793244
"baseline_panarchy",76,1.89112156621754,1.53253188011908,0,"growth",2.8982040894091
"baseline_panarchy",77,1.9459436571383,1.53320656131788,0,"growth",2.98353358307936
"baseline_panarchy",78,1.99898888888682,1.53387449570471,0,"growth",3.06619807386058
"baseline_panarchy",79,2.05002807383385,1.53453575074766,0,"growth",3.14584136933441
"baseline_panarchy",80,2.09887061417552,1.53519039324018,0,"conservation",3.22216600353638
"baseline_panarchy",81,2.14536613535768,1.53583848930778,0,"conservation",3.29493588433981
"baseline_panarchy",82,2.18940464878783,1.5364801044147,0,"conservation",3.36397668337555
"baseline_panarchy",83,2.23091538405198,1.53711530337056,0,"conservation",3.42917417735111
"baseline_panarchy",84,2.26986449395246,1.53774415033685,0,"conservation",3.4904708476327
"baseline_panarchy",85,2.30625187472177,1.53836670883348,0,"conservation",3.54786110625678
"baseline_panarchy",86,2.34010735894877,1.53898304174515,0,"conservation",3.60138554128518
"baseline_panarchy",87,2.37148653286712,1.5395932113277,0,"conservation",3.65112456675728
"baseline_panarchy",88,2.40046640721365,1.54019727921442,0,"conservation",3.69719182923607
"baseline_panarchy",89,2.4271411371474,1.54079530642227,0,"conservation",3.73972767214113
"baseline_panarchy",90,2.45161794696307,1.54138735335805,0,"conservation",3.77889289871451
"baseline_panarchy",91,2.4740133741088,1.54197347982447,0,"conservation",3.81486301160683
"baseline_panarchy",92,2.49444990789271,1.54255374502623,0,"conservation",3.84782304720023
"baseline_panarchy",93,2.51305306366931,1.54312820757596,0,"conservation",3.8779630696833
"baseline_panarchy",94,2.52994890460194,1.5436969255002,0,"conservation",3.90547434570663
"baseline_panarchy",95,2.54526200077199,1.5442599562452,0,"conservation",3.93054618594473
"baseline_panarchy",96,1.21399429023578,1.6842599562452,1,"release",2.04468197015445
"baseline_panarchy",97,1.25872308082153,1.68341735668275,0,"growth",2.11895628151216
"baseline_panarchy",98,1.30511660691777,1.68258318311592,0,"growth",2.19596725480516
"baseline_panarchy",99,1.35302364878768,1.68175735128476,0,"growth",2.27545746781082
"baseline_panarchy",100,1.40226608700401,1.68093977777192,0,"growth",2.35712484466562
"baseline_panarchy",101,1.45264053306462,1.6801303799942,0,"growth",2.44062549081283
"baseline_panarchy",102,1.50392087970711,1.67932907619425,0,"growth",2.52557806158779
"baseline_panarchy",103,1.55586174623389,1.67853578543231,0,"growth",2.61156961823879
"baseline_panarchy",104,1.60820273909226,1.67775042757799,0,"growth",2.69816283314413
"baseline_panarchy",105,1.66067339295516,1.67697292330221,0,"growth",2.78490431443422
"baseline_panarchy",106,1.71299860785277,1.67620319406919,0,"growth",2.87133373791889
"baseline_panarchy",107,1.7649043587329,1.6754411621285,0,"growth",2.9569934098411
"baseline_panarchy",108,1.81612342965392,1.67468675050721,0,"growth",3.04143784492713
"baseline_panarchy",109,1.86640091867615,1.67393988300214,0,"growth",3.12424293544384
"baseline_panarchy",110,1.91549927250843,1.67320048417212,0,"growth",3.20501431019244
"baseline_panarchy",111,1.96320264100356,1.6724684793304,0,"growth",3.28339453561663
"baseline_panarchy",112,2.00932038754432,1.67174379453709,0,"growth",3.35906888911409
"baseline_panarchy",113,2.05368964747909,1.67102635659172,0,"growth",3.43176952919713
"baseline_panarchy",114,2.09617688739618,1.6703160930258,0,"conservation",3.50127798884657
"baseline_panarchy",115,2.13667847739815,1.66961293209555,0,"conservation",3.56742601759417
"baseline_panarchy",116,2.17512034152249,1.66891680277459,0,"conservation",3.6300948860237
"baseline_panarchy",117,2.21145679415502,1.66822763474684,0,"conservation",3.68921333705807
"baseline_panarchy",118,2.24566870036333,1.66754535839938,0,"conservation",3.74475441779363
"baseline_panarchy",119,2.27776111482848,1.66686990481538,0,"conservation",3.79673145266632
"baseline_panarchy",120,2.30776055820642,1.66620120576723,0,"conservation",3.84519342470559
"baseline_panarchy",121,2.33571208313725,1.66553919370956,0,"conservation",3.89022001968608
"baseline_panarchy",122,2.36167626723881,1.66488380177246,0,"conservation",3.93191656235634
"baseline_panarchy",123,2.38572625002469,1.66423496375474,0,"conservation",3.97040903923856
"baseline_panarchy",124,2.40794490741952,1.66359261411719,0,"conservation",4.0058393631842
"baseline_panarchy",125,2.42842223369805,1.66295668797602,0,"conservation",4.03836099475782
"baseline_panarchy",126,2.44725297803407,1.66232712109626,0,"conservation",4.06813499756962
"baseline_panarchy",127,2.46453456265298,1.66170384988529,0,"conservation",4.09532657093582
"baseline_panarchy",128,2.4803652925596,1.66108681138644,0,"conservation",4.12010207489142
"baseline_panarchy",129,2.49484285324605,1.66047594327258,0,"conservation",4.14262654006057
"baseline_panarchy",130,2.50806308261836,1.65987118383985,0,"conservation",4.16306163809076
"baseline_panarchy",131,2.5201189963305,1.65927247200145,0,"conservation",4.18156407677913
"baseline_panarchy",132,2.53110004135483,1.65867974728144,0,"conservation",4.19828437693846
"baseline_panarchy",133,2.54109155046506,1.65809294980862,0,"conservation",4.21336598464439
"baseline_panarchy",134,2.55017436987341,1.65751202031054,0,"conservation",4.22694467195302
"baseline_panarchy",135,1.21334476230122,1.79751202031054,1,"release",2.18100179501727
"baseline_panarchy",136,1.25291247853814,1.79553690010743,0,"growth",2.24965058782029
"baseline_panarchy",137,1.29402139274054,1.79358153110636,0,"growth",2.32093287087596
"baseline_panarchy",138,1.33656132489984,1.79164571579529,0,"growth",2.39464437165449
"baseline_panarchy",139,1.3804001949116,1.78972925863734,0,"growth",2.47054261746198
"baseline_panarchy",140,1.42538476931265,1.78783196605097,0,"growth",2.54834845449935
"baseline_panarchy",141,1.47134206571284,1.78595364639046,0,"growth",2.62774872734752
"baseline_panarchy",142,1.51808142464628,1.78409410992655,0,"growth",2.70840012810035
"baseline_panarchy",143,1.56539722411172,1.78225316882729,0,"growth",2.78993416314654
"baseline_panarchy",144,1.61307217530044,1.78043063713901,0,"growth",2.87196312082138
"baseline_panarchy",145,1.66088110181783,1.77862633076762,0,"growth",2.95408685996754
"baseline_panarchy",146,1.70859507228959,1.77684006745995,0,"growth",3.03590018350877
"baseline_panarchy",147,1.755985730744,1.77507166678535,0,"growth",3.11700051792305
"baseline_panarchy",148,1.8028296532455,1.7733209501175,0,"growth",3.19699559359331
"baseline_panarchy",149,1.84891255474589,1.77158774061632,0,"growth",3.27551081545942
"baseline_panarchy",150,1.89403317771343,1.76987186321016,0,"growth",3.35219602922153
"baseline_panarchy",151,1.93800671323704,1.76817314457806,0,"growth",3.42673142435772
"baseline_panarchy",152,1.98066763422076,1.76649141313227,0,"growth",3.49883236811999
"baseline_panarchy",153,2.02187185624805,1.76482649900095,0,"growth",3.5682530294908
"baseline_panarchy",154,2.06149818136365,1.76317823401094,0,"growth",3.63478872283352
"baseline_panarchy",155,2.09944901988115,1.76154645167083,0,"conservation",3.69827697143545
"baseline_panarchy",156,2.13565042212487,1.75993098715412,0,"conservation",3.75859735562634
"baseline_panarchy",157,2.1700514831213,1.75833167728258,0,"conservation",3.81567026410624
"baseline_panarchy",158,2.2026232068861,1.75674836050976,0,"conservation",3.86945470751789
"baseline_panarchy",159,2.23335693226309,1.75518087690466,0,"conservation",3.91994537881064
"baseline_panarchy",160,2.26226242931318,1.75362906813561,0,"conservation",3.96716915579468
"strong_revolt",1,0.5,1,0,"reorganization",0.5
"strong_revolt",2,0.52271,1.006,0,"reorganization",0.52584626
"strong_revolt",3,0.547620212795,1.01194,0,"reorganization",0.554158798135772
"strong_revolt",4,0.574913572969118,1.0178206,0,"reorganization",0.585158877787572
"strong_revolt",5,0.604775299614971,1.023642394,0,"reorganization",0.619073635529936
"strong_revolt",6,0.637389506834248,1.02940597006,0,"reorganization",0.656132563588774
"strong_revolt",7,0.672934998014386,1.0351119103594,0,"reorganization",0.69656303134237
"strong_revolt",8,0.711580196984258,1.04076079125581,0,"reorganization",0.740584768855299
"strong_revolt",9,0.753477207781281,1.04635318334325,0,"reorganization",0.788403274938525
"strong_revolt",10,0.798755049029375,1.05188965150982,0,"reorganization",0.840202170165215
"strong_revolt",11,0.847512179760609,1.05737075499472,0,"growth",0.896134593380694
"strong_revolt",12,0.899808520041167,1.06279704744477,0,"growth",0.956313838365401
"strong_revolt",13,0.9556572685092,1.06816907697032,0,"growth",1.02080354240345
"strong_revolt",14,1.01501692308734,1.07348738620062,0,"growth",1.08960786371443
"strong_revolt",15,1.07778401010944,1.07875251233861,0,"growth",1.16266220866394
"strong_revolt",16,1.14378710667001,1.08396498721523,0,"growth",1.2398251764585
"strong_revolt",17,1.21278278429777,1.08912533734307,0,"growth",1.32087245907219
"strong_revolt",18,1.28445409164246,1.09423408396964,0,"growth",1.40549344636945
"strong_revolt",19,1.35841211492037,1.09929174312995,0,"growth",1.49329122169966
"strong_revolt",20,1.43420099905857,1.10429882569865,0,"growth",1.5837864790762
"strong_revolt",21,1.51130658187748,1.10925583744166,0,"growth",1.6764256481116
"strong_revolt",22,1.58916850352858,1.11416327906725,0,"growth",1.77059319088179
"strong_revolt",23,1.66719533275709,1.11902164627657,0,"growth",1.86562766592646
"strong_revolt",24,1.74478194046123,1.12383142981381,0,"growth",1.96084078286186
"strong_revolt",25,1.82132809460499,1.12859311551567,0,"growth",2.05553834866647
"strong_revolt",26,1.89625709054328,1.13330718436051,0,"growth",2.14904178410726
"strong_revolt",27,1.96903319654768,1.13797411251691,0,"growth",2.24070880435767
"strong_revolt",28,2.03917679553732,1.14259437139174,0,"growth",2.32995192885359
"strong_revolt",29,2.10627632790779,1.14716842767782,0,"conservation",2.41625370334099
"strong_revolt",30,2.16999645370261,1.15169674340104,0,"conservation",2.4991778489211
"strong_revolt",31,2.23008220852769,1.15617977596703,0,"conservation",2.57837594824361
"strong_revolt",32,2.28635927621243,1.16061797820736,0,"conservation",2.65358968061332
"strong_revolt",33,2.33873079809858,1.16501179842529,0,"conservation",2.72464897312544
"strong_revolt",34,2.38717135343703,1.16936168044104,0,"conservation",2.79146670535583
"strong_revolt",35,1.08996814083359,1.40936168044104,1,"release",1.53615933059242
"strong_revolt",36,1.14160696375735,1.41126806363662,0,"growth",1.61111344917592
"strong_revolt",37,1.19565974828764,1.41315538300026,0,"growth",1.68965300952942
"strong_revolt",38,1.25195859971084,1.41502382917026,0,"growth",1.77155125172546
"strong_revolt",39,1.31029062824221,1.41687359087855,0,"growth",1.85651618753205
"strong_revolt",40,1.37039883489165,1.41870485496977,0,"growth",1.9441914803057
"strong_revolt",41,1.43198473496781,1.42051780642007,0,"growth",2.03415981454351
"strong_revolt",42,1.49471279598247,1.42231262835587,0,"growth",2.12594888549098
"strong_revolt",43,1.55821664852004,1.42408950207231,0,"growth",2.21903997111169
"strong_revolt",44,1.62210689717802,1.42584860705159,0,"growth",2.31287885983005
"strong_revolt",45,1.68598022710309,1.42759012098107,0,"growth",2.40688871638179
"strong_revolt",46,1.74942938514396,1.42931421977126,0,"growth",2.50048429667196
"strong_revolt",47,1.81205352822011,1.43102107757355,0,"growth",2.59308679257449
"strong_revolt",48,1.87346838741062,1.43271086679781,0,"growth",2.68413851724537
"strong_revolt",49,1.93331570165569,1.43438375812983,0,"growth",2.77311664179231
"strong_revolt",50,1.99127143037599,1.43603992054854,0,"growth",2.85954526666771
"strong_revolt",51,2.04705235336769,1.43767952134305,0,"growth",2.94300524755383
"strong_revolt",52,2.1004207967422,1.43930272612962,0,"conservation",3.0231413787704
"strong_revolt",53,2.15118736942162,1.44090969886832,0,"conservation",3.09966674468265
"strong_revolt",54,2.19921173876745,1.44250060187964,0,"conservation",3.17236425683281
"strong_revolt",55,2.24440160107837,1.44407559586084,0,"conservation",3.24108557942828
"strong_revolt",56,2.28671010163246,1.44563483990224,0,"conservation",3.30574779167627
"strong_revolt",57,2.32613202345869,1.44717849150321,0,"conservation",3.36632823274627
"strong_revolt",58,2.36269909309441,1.44870670658818,0,"conservation",3.42285802181568
"strong_revolt",59,2.39647474862028,1.4502196395223,0,"conservation",3.4754147460684
"strong_revolt",60,1.08589626358229,1.6902196395223,1,"release",1.83540319119068
"strong_revolt",61,1.12458967034002,1.68931744312708,0,"growth",1.89978894646593
"strong_revolt",62,1.16523837521684,1.68842426869581,0,"growth",1.96741675153178
"strong_revolt",63,1.20777745111228,1.68754002600885,0,"growth",2.03817279126292
"strong_revolt",64,1.25211558453998,1.68666462574876,0,"growth",2.11189906379232
"strong_revolt",65,1.29813416543628,1.68579797949127,0,"growth",2.18839195320106
"strong_revolt",66,1.34568707796251,1.68493999969636,0,"growth",2.26740198473354
"strong_revolt",67,1.39460129586051,1.6840905996994,0,"growth",2.34863493268729
"strong_revolt",68,1.44467835578104,1.6832496937024,0,"growth",2.43175439986692
"strong_revolt",69,1.49569674151349,1.68241719676538,0,"growth",2.51638591906823
"strong_revolt",70,1.54741516315363,1.68159302479772,0,"growth",2.60212254482538
"strong_revolt",71,1.59957666122575,1.68077709454975,0,"growth",2.6885318131646
"strong_revolt",72,1.65191341102713,1.67996932360425,0,"growth",2.77516385577604
"strong_revolt",73,1.70415205208946,1.67916963036821,0,"growth",2.86156037139827
"strong_revolt",74,1.75601932685453,1.67837793406452,0,"growth",2.94726408998349
"strong_revolt",75,1.8072477860271,1.67759415472388,0,"growth",3.03182832197674
"strong_revolt",76,1.85758130886972,1.67681821317664,0,"growth",3.11482617116924
"strong_revolt",77,1.9067801963682,1.67605003104487,0,"growth",3.19585900731868
"strong_revolt",78,1.95462562301613,1.67528953073443,0,"growth",3.27456384274418
"strong_revolt",79,2.00092327617235,1.67453663542708,0,"growth",3.35061933062938
"strong_revolt",80,2.04550606608689,1.67379126907281,0,"growth",3.42375019425171
"strong_revolt",81,2.08823584928843,1.67305335638208,0,"conservation",3.49372999656939
"strong_revolt",82,2.12900416734998,1.67232282281826,0,"conservation",3.56038225893456
"strong_revolt",83,2.16773205688149,1.67159959459008,0,"conservation",3.62358002746302
"strong_revolt",84,2.20436903084629,1.67088359864418,0,"conservation",3.68324405900022
"strong_revolt",85,2.23889136337547,1.67017476265774,0,"conservation",3.73933985144208
"strong_revolt",86,2.27129982917915,1.66947301503116,0,"conservation",3.79187377385947
"strong_revolt",87,2.30161705491469,1.66877828488085,0,"conservation",3.84088856135305
"strong_revolt",88,2.32988463510799,1.66809050203204,0,"conservation",3.88645843065401
"strong_revolt",89,2.3561601518125,1.66740959701172,0,"conservation",3.92868404922875
"strong_revolt",90,2.38051421782856,1.6667355010416,0,"conservation",3.96768755758914
"strong_revolt",91,2.4030276406447,1.66606814603118,0,"conservation",4.0036078061106
"strong_revolt",92,1.08221190449133,1.90606814603118,1,"release",2.06276963840666
"strong_revolt",93,1.11092648847629,1.90300746457087,0,"growth",2.11410140015988
"strong_revolt",94,1.14122545497429,1.89997738992516,0,"growth",2.16830256125821
"strong_revolt",95,1.17309777618301,1.89697761602591,0,"growth",2.22534022282894
"strong_revolt",96,1.20651756586124,1.89400783986565,0,"growth",2.28515372867681
"strong_revolt",97,1.24144288902454,1.891067761467,0,"growth",2.34765262513676
"strong_revolt",98,1.27781480595046,1.88815708385233,0,"growth",2.41271507770675
"strong_revolt",99,1.31555671723452,1.8852755130138,0,"growth",2.48018686498306
"strong_revolt",100,1.35457407366382,1.88242275788367,0,"growth",2.54988106350397
"strong_revolt",101,1.3947545073279,1.87959853030483,0,"growth",2.62157852210956
"strong_revolt",102,1.43596842836547,1.87680254500178,0,"growth",2.69502920089852
"strong_revolt",103,1.47807011512499,1.87403451955176,0,"growth",2.76995441806208
"strong_revolt",104,1.52089930482204,1.87129417435625,0,"growth",2.84605000889594
"strong_revolt",105,1.5642832680161,1.86858123261268,0,"growth",2.92299035710492
"strong_revolt",106,1.60803932486993,1.86589542028656,0,"growth",3.0004332119155
"strong_revolt",107,1.65197773602272,1.86323646608369,0,"growth",3.07802515891591
"strong_revolt",108,1.69590487803372,1.86060410142285,0,"growth",3.15540757169257
"strong_revolt",109,1.73962659475266,1.85799806040862,0,"growth",3.23222283888571
"strong_revolt",110,1.78295160341502,1.85541807980454,0,"growth",3.30812064039272
"strong_revolt",111,1.82569482903628,1.85286389900649,0,"growth",3.38276403932415
"strong_revolt",112,1.86768054342365,1.85033526001643,0,"growth",3.45583516394342
"strong_revolt",113,1.90874519571553,1.84783190741626,0,"growth",3.52704027577065
"strong_revolt",114,1.94873983892033,1.8453535883421,0,"growth",3.59611405449683
"strong_revolt",115,1.9875320799265,1.84290005245868,0,"growth",3.66282297435986
"strong_revolt",116,2.02500750689889,1.84047105193409,0,"growth",3.72696769639664
"strong_revolt",117,2.06107057564766,1.83806634141475,0,"growth",3.7883844523783
"strong_revolt",118,2.0956449632781,1.8356856780006,0,"conservation",3.84694544526371
"strong_revolt",119,2.12867342129963,1.8333288212206,0,"conservation",3.90255833423486
"strong_revolt",120,2.16011717993784,1.83099553300839,0,"conservation",3.95516490724087
"strong_revolt",121,2.18995496975283,1.82868557767831,0,"conservation",4.00473906895194
"strong_revolt",122,2.21818173548832,1.82639872190153,0,"conservation",4.05128428664117
"strong_revolt",123,2.24480712054552,1.82413473468251,0,"conservation",4.09483064124971
"strong_revolt",124,2.26985379919235,1.82189338733569,0,"conservation",4.13543162696733
"strong_revolt",125,2.29335572846206,1.81967445346233,0,"conservation",4.1731608317839
"strong_revolt",126,2.31535638368799,1.81747770892771,0,"conservation",4.20810861557638
"strong_revolt",127,2.33590703180396,1.81530293183843,0,"conservation",4.24037888333572
"strong_revolt",128,2.35506508587216,1.81314990252004,0,"conservation",4.27008603087746
"strong_revolt",129,2.37289257359772,1.81101840349484,0,"conservation",4.29735212030171
"strong_revolt",130,2.3894547424831,1.8089082194599,0,"conservation",4.32230432370511
"strong_revolt",131,2.40481881520914,1.8068191372653,0,"conservation",4.34507265697553
"strong_revolt",132,1.07752528776647,2.0468191372653,1,"release",2.20549937988771
"strong_revolt",133,1.09961304864531,2.04235094589264,0,"growth",2.24579575001665
"strong_revolt",134,1.12303307819478,2.03792743643372,0,"growth",2.28865992207576
"strong_revolt",135,1.1477981967277,2.03354816206938,0,"growth",2.33410291338215
"strong_revolt",136,1.17391246403371,2.02921268044869,0,"growth",2.38211805775397
"strong_revolt",137,1.20137013956007,2.0249205536442,0,"growth",2.43267908812959
"strong_revolt",138,1.23015470417059,2.02067134810776,0,"growth",2.48573836445749
"strong_revolt",139,1.26023798139155,2.01646463462668,0,"growth",2.54122532068937
"strong_revolt",140,1.29157939874678,2.01229998828041,0,"growth",2.59904520896137
"strong_revolt",141,1.3241254309144,2.00817698839761,0,"growth",2.65907822011436
"strong_revolt",142,1.35780926559716,2.00409521851363,0,"growth",2.72117905683677
"strong_revolt",143,1.39255072984603,2.0000542663285,0,"growth",2.78517702830742
"strong_revolt",144,1.42825650888367,1.99605372366521,0,"growth",2.85087672290632
"strong_revolt",145,1.46482068117841,1.99209318642856,0,"growth",2.91805929831515
"strong_revolt",146,1.50212558276202,1.98817225456427,0,"growth",2.98648440651864
"strong_revolt",147,1.54004300094005,1.98429053201863,0,"growth",3.05589274566689
"strong_revolt",148,1.57843568322619,1.98044762669844,0,"growth",3.12600920274144
"strong_revolt",149,1.61715913236752,1.97664315043146,0,"growth",3.19654652215193
"strong_revolt",150,1.65606364370427,1.97287671892715,0,"growth",3.26720940772581
"strong_revolt",151,1.69499652789365,1.96914795173787,0,"growth",3.3376989411046
"strong_revolt",152,1.73380445126675,1.9654564722205,0,"growth",3.40771718030693
"strong_revolt",153,1.77233581869261,1.96180190749829,0,"growth",3.4769717898387
"strong_revolt",154,1.81044312046734,1.95818388842331,0,"growth",3.54518054940596
"strong_revolt",155,1.84798516577974,1.95460204953907,0,"growth",3.61207559255089
"strong_revolt",156,1.8848291307108,1.95105602904368,0,"growth",3.67740723919048
"strong_revolt",157,1.9208523581086,1.94754546875325,0,"growth",3.74094730617839
"strong_revolt",158,1.95594385931545,1.94407001406571,0,"growth",3.80249180609113
"strong_revolt",159,1.99000548262835,1.94062931392506,0,"growth",3.86186297446015
"strong_revolt",160,2.02295272941784,1.93722302078581,0,"growth",3.91891059738972
"strong_remember",1,0.5,1,0,"reorganization",0.5
"strong_remember",2,0.553046,1.0084,0,"reorganization",0.5576915864
"strong_remember",3,0.6116527220942,1.0166824,0,"reorganization",0.621856557465264
"strong_remember",4,0.67609178802301,1.0248488464,0,"reorganization",0.692891889015895
"strong_remember",5,0.74656212366886,1.0329009625504,0,"reorganization",0.771124736141236
"strong_remember",6,0.823166858916853,1.04084034907469,0,"reorganization",0.856785280781737
"strong_remember",7,0.905889602508819,1.04866858418765,0,"growth",0.949977966893235
"strong_remember",8,0.994571823139125,1.05638722400902,0,"growth",1.05065296732353
"strong_remember",9,1.08889353853829,1.0639978028729,0,"growth",1.15858033256723
"strong_remember",10,1.18835984274718,1.07150183363267,0,"growth",1.27332975051904
"strong_remember",11,1.29229586762093,1.07890080796182,0,"growth",1.39425905570194
"strong_remember",12,1.3998524641121,1.08619619665035,0,"growth",1.52051442239019
"strong_remember",13,1.5100241308173,1.09338944989725,0,"growth",1.65104445372589
"strong_remember",14,1.62167952181767,1.10048199759869,0,"growth",1.78462911963479
"strong_remember",15,1.73360335315256,1.1074752496323,0,"growth",1.91992280629603
"strong_remember",16,1.84454692913223,1.11437059613745,0,"growth",2.05550886102059
"strong_remember",17,1.95328313292029,1.12116940779153,0,"growth",2.18996129338542
"strong_remember",18,2.05866087904202,1.12787303608245,0,"growth",2.32190809590928
"strong_remember",19,2.15965392893977,1.13448281357729,0,"conservation",2.45009026565684
"strong_remember",20,2.25539968136687,1.14100005418721,0,"conservation",2.57341115865341
"strong_remember",21,2.34522493338796,1.14742605342859,0,"conservation",2.69097218971967
"strong_remember",22,2.42865737481076,1.15376208868059,0,"conservation",2.80209280545118
"strong_remember",23,2.50542336773844,1.16000941943906,0,"conservation",2.90631470625932
"strong_remember",24,2.57543404413282,1.16616928756691,0,"conservation",3.00339208442195
"strong_remember",25,1.29746792609665,1.30616928756691,1,"release",1.69471275667058
"strong_remember",26,1.40156648994445,1.31028291754098,0,"growth",1.83644862957208
"strong_remember",27,1.50820709583072,1.3143389566954,0,"growth",1.98229534081476
"strong_remember",28,1.61633066616691,1.31833821130167,0,"growth",2.13087047930652
"strong_remember",29,1.72479857069223,1.32228147634344,0,"growth",2.28066920044998
"strong_remember",30,1.83243833824126,1.32616953567464,0,"growth",2.43012390017781
"strong_remember",31,1.93809360187446,1.33000316217519,0,"growth",2.57767061908454
"strong_remember",32,2.04067388738283,1.33378311790474,0,"growth",2.72181638014025
"strong_remember",33,2.13919972422591,1.33751015425407,0,"conservation",2.86120135312967
"strong_remember",34,2.23283912054146,1.34118501209451,0,"conservation",2.99465036288851
"strong_remember",35,2.32093259937466,1.34480842192519,0,"conservation",3.12120970635976
"strong_remember",36,2.40300550673977,1.34838110401824,0,"conservation",3.24016721813968
"strong_remember",37,2.47876787118212,1.35190376856198,0,"conservation",3.35105562644148
"strong_remember",38,2.5481034336532,1.35537711580212,0,"conservation",3.45364108267034
"strong_remember",39,1.26992777087092,1.49537711580212,1,"release",1.89902092728197
"strong_remember",40,1.3701449371364,1.49684183618089,0,"growth",2.05089026353719
"strong_remember",41,1.47314451602656,1.49828605047435,0,"growth",2.20719187869538
"strong_remember",42,1.5779581692728,1.49971004576771,0,"growth",2.36647971825965
"strong_remember",43,1.68352949032955,1.50111410512696,0,"growth",2.5271698643309
"strong_remember",44,1.78875390612924,1.50249850765519,0,"growth",2.68760007452157
"strong_remember",45,1.8925237530185,1.50386352854801,0,"growth",2.84609744907533
"strong_remember",46,1.9937747769753,1.50520943914834,0,"growth",3.0010486138391
"strong_remember",47,2.09152996604935,1.50653650700027,0,"growth",3.15096624933837
"strong_remember",48,2.18493688484675,1.50784499590226,0,"conservation",3.29454614817845
"strong_remember",49,2.27329551299924,1.50913516595963,0,"conservation",3.43071020128538
"strong_remember",50,2.35607483011757,1.5104072736362,0,"conservation",3.55863256064075
"strong_remember",51,2.43291779295716,1.51166157180529,0,"conservation",3.67774833497467
"strong_remember",52,2.5036356548585,1.51289830980001,0,"conservation",3.78774615059048
"strong_remember",53,2.56819357291301,1.51411773346281,0,"conservation",3.88854743171281
"strong_remember",54,1.28571186717956,1.65411773346281,1,"release",2.1267187996253
"strong_remember",55,1.38391200251858,1.65336008519434,0,"growth",2.28810486638558
"strong_remember",56,1.48472834243036,1.65261304400161,0,"growth",2.45368142549931
"strong_remember",57,1.58722689114835,1.65187646138559,0,"growth",2.6219027403662
"strong_remember",58,1.69039337903222,1.65115019092619,0,"growth",2.79109335052943
"strong_remember",59,1.79317103134594,1.65043408825323,0,"growth",2.95951059620154
"strong_remember",60,1.89450287263427,1.64972801101768,0,"growth",3.12541445593822
"strong_remember",61,1.99337510287949,1.64903181886343,0,"growth",3.28713897157845
"strong_remember",62,2.0888578080631,1.64834537339935,0,"growth",3.44315910360991
"strong_remember",63,2.1801395353471,1.64766853817176,0,"conservation",3.59214732121581
"strong_remember",64,2.26655303488115,1.64700117863735,0,"conservation",3.73301551989332
"strong_remember",65,2.34759059871357,1.64634316213643,0,"conservation",3.86493972968784
"strong_remember",66,2.42290869383973,1.64569435786652,0,"conservation",3.98736716707778
"strong_remember",67,2.49232276068622,1.64505463685639,0,"conservation",4.10000711400958
"strong_remember",68,2.5557939459519,1.6444238719404,0,"conservation",4.20280857648406
"strong_remember",69,1.27255048451688,1.7844238719404,1,"release",2.27076946282124
"strong_remember",70,1.3682551414548,1.78184193773323,0,"growth",2.43801439256329
"strong_remember",71,1.46667675225236,1.77929615060497,0,"growth",2.60965229946442
"strong_remember",72,1.56693539607674,1.7767860044965,0,"growth",2.78410888169932
"strong_remember",73,1.66806806734357,1.77431100043355,0,"growth",2.95967152135962
"strong_remember",74,1.76906311623708,1.77187064642748,0,"growth",3.134551007338
"strong_remember",75,1.86889953738883,1.76946445737749,0,"growth",3.30695130581877
"strong_remember",76,1.96658800981155,1.76709195497421,0,"growth",3.47514185088673
"strong_remember",77,2.06121023836103,1.76475266760457,0,"growth",3.63752626664148
"strong_remember",78,2.15195327922099,1.7624461302581,0,"conservation",3.79270172945928
"strong_remember",79,2.23813614016645,1.76017188443449,0,"conservation",3.93950430745771
"strong_remember",80,2.31922691881577,1.75792947805241,0,"conservation",4.0770373668789
"strong_remember",81,2.39484989278249,1.75571846535967,0,"conservation",4.20468217852286
"strong_remember",82,2.4647830943958,1.75353840684464,0,"conservation",4.32209182056442
"strong_remember",83,2.52894780832527,1.75138886914881,0,"conservation",4.42917104215916
"strong_remember",84,2.58739200988749,1.74926942498073,0,"conservation",4.52604573333563
"strong_remember",85,1.2995058194533,1.88926942498073,1,"release",2.45511661227765
"strong_remember",86,1.39438870527473,1.885219653031,0,"growth",2.62872899114838
"strong_remember",87,1.49173706036908,1.88122657788857,0,"growth",2.80629540518768
"strong_remember",88,1.59067670231,1.87728940579813,0,"growth",2.98616052129646
"strong_remember",89,1.69026068166976,1.87340735411695,0,"growth",3.16654679141486
"strong_remember",90,1.78950342113298,1.86957965115932,0,"growth",3.3456191818302
"strong_remember",91,1.88741883155198,1.86580553604308,0,"growth",3.52155650474166
"strong_remember",92,1.983059386237,1.86208425853848,0,"growth",3.69262366685891
"strong_remember",93,2.07555290101444,1.85841507891894,0,"growth",3.8572388083392
"strong_remember",94,2.16413398902568,1.85479726781408,0,"conservation",4.01402981002841
"strong_remember",95,2.24816780661606,1.85123010606468,0,"conservation",4.16187592709304
"strong_remember",96,2.32716466035189,1.84771288457978,0,"conservation",4.29993212747091
"strong_remember",97,2.40078512619499,1.84424490419566,0,"conservation",4.42763573505385
"strong_remember",98,2.46883634885248,1.84082547553692,0,"conservation",4.54469684589921
"strong_remember",99,2.53126098548233,1.8374539188794,0,"conservation",4.65107541748104
"strong_remember",100,2.58812074247888,1.83412956401509,0,"conservation",4.7469487690212
"strong_remember",101,1.2988896689328,1.97412956401509,1,"release",2.56417649583402
"strong_remember",102,1.39240389599555,1.96889175011888,0,"growth",2.74149254365903
"strong_remember",103,1.48838002113127,1.96372726561722,0,"growth",2.9227724290954
"strong_remember",104,1.58597016935117,1.95863508389857,0,"growth",3.10633681570776
"strong_remember",105,1.68425444335894,1.95361419272399,0,"growth",3.29038338470447
"strong_remember",106,1.78227350099141,1.94866359402586,0,"growth",3.47305148597898
"strong_remember",107,1.87906508175228,1.9437823037095,0,"growth",3.65249345342852
"strong_remember",108,1.97370163930759,1.93896935145756,0,"growth",3.82694698753897
"strong_remember",109,2.06532599116484,1.93422378053716,0,"growth",3.99480264667251
"strong_remember",110,2.15318207691382,1.92954464760964,0,"conservation",4.15466095183806
"strong_remember",111,2.23663850105941,1.9249310225431,0,"conservation",4.30537483690357
"strong_remember",112,2.3152034194392,1.9203819882275,0,"conservation",4.44607494577375
"strong_remember",113,2.38853034544762,1.91589664039231,0,"conservation",4.57617726431819
"strong_remember",114,2.45641542461439,1.91147408742682,0,"conservation",4.69537443210596
"strong_remember",115,2.51878750290756,1.90711345020285,0,"conservation",4.80361352499784
"strong_remember",116,2.57569280413988,1.90281386190001,0,"conservation",4.90106397171345
"strong_remember",117,1.28665177380886,2.04281386190001,1,"release",2.62839007897497
"strong_remember",118,1.37869724972317,2.03661446783341,0,"growth",2.80787476554834
"strong_remember",119,1.47330196817594,2.03050186528374,0,"growth",2.99154239450745
"strong_remember",120,1.56965006393587,2.02447483916977,0,"growth",3.17771706073938
"strong_remember",121,1.66685061331372,2.01853219142139,0,"growth",3.36459162126424
"strong_remember",122,1.76396831592319,2.01267274074149,0,"growth",3.55029094499028
"strong_remember",123,1.86005841218666,2.00689532237111,0,"growth",3.73294252675444
"strong_remember",124,1.95420318872028,2.00119878785791,0,"growth",3.9107490524951
"strong_remember",125,2.04554712106048,1.9955820048279,0,"growth",4.08205702481582
"strong_remember",126,2.13332779950941,1.99004385676031,0,"conservation",4.24541588186969
"strong_remember",127,2.21690027466187,1.98458324276567,0,"conservation",4.39962313597656
"strong_remember",128,2.29575325782558,1.97919907736695,0,"conservation",4.54375272975054
"strong_remember",129,2.36951657071592,1.97389029028381,0,"conservation",4.67716575160275
"strong_remember",130,2.43796018856719,1.96865582621984,0,"conservation",4.79950452931481
"strong_remember",131,2.50098601049085,1.96349464465276,0,"conservation",4.91067263795026
"strong_remember",132,2.55861402113942,1.95840571962762,0,"conservation",5.01080433331886
"strong_remember",133,2.61096474406389,1.95338803955283,0,"conservation",5.10022730274852
"strong_remember",134,1.31766143778359,2.09338803955283,1,"release",2.75837669403615
"strong_remember",135,1.40982588088858,2.0864806069991,0,"growth",2.94157435971943
"strong_remember",136,1.50427766465223,2.07966987850111,0,"growth",3.12840094807924
"strong_remember",137,1.60018797861106,2.07295450020209,0,"growth",3.31711687143108
"strong_remember",138,1.69666327074604,2.06633313719926,0,"growth",3.50587153901144
"strong_remember",139,1.79277672113764,2.05980447327847,0,"growth",3.69276950978882
"strong_remember",140,1.88760308875715,2.05336721065257,0,"growth",3.87594228918045
"strong_remember",141,1.98025423960253,2.04702006970344,0,"growth",4.05362017158171
"strong_remember",142,2.06991248595677,2.04076178872759,0,"growth",4.2241983073507
"strong_remember",143,2.15585907867521,2.0345911236854,0,"conservation",4.38629174538917
"strong_remember",144,2.23749576813009,2.02850684795381,0,"conservation",4.53877548791955
"strong_remember",145,2.31435818145996,2.02250775208245,0,"conservation",4.68080736309821
"strong_remember",146,2.38612070255339,2.0165926435533,0,"conservation",4.81183345539939
"strong_remember",147,2.4525934256453,2.01076034654355,0,"conservation",4.93157760648099
"strong_remember",148,2.51371245105911,2.00500970169194,0,"conservation",5.04001785163736
"strong_remember",149,2.56952522454417,1.99933956586826,0,"conservation",5.13735344692768
"strong_remember",150,2.62017277399984,1.9937488119461,0,"conservation",5.2239663552557
"strong_remember",151,1.32532891738012,2.1337488119461,1,"release",2.82791900289764
"strong_remember",152,1.41706476360068,2.12627632857886,0,"growth",3.01307126290732
"strong_remember",153,1.51101844217717,2.11890845997875,0,"growth",3.20170976031311
"strong_remember",154,1.60636672269727,2.11164374153905,0,"growth",3.39207423660029
"strong_remember",155,1.70222444401149,2.1044807291575,0,"growth",3.58229853912303
"strong_remember",156,1.79767566376292,2.0974179989493,0,"growth",3.77047729344948
"strong_remember",157,1.89180795999744,2.09045414696401,0,"growth",3.95473779523616
"strong_remember",158,1.98374724024335,2.08358778890651,0,"growth",4.13331152604803
"strong_remember",159,2.07269026130212,2.07681755986182,0,"growth",4.30459953082683
"strong_remember",160,2.15793228976823,2.07014211402375,0,"conservation",4.46722651226092
"rigid_slow_structure",1,0.5,1,0,"reorganization",0.5
"rigid_slow_structure",2,0.457548,1.0024,0,"reorganization",0.4586461152
"rigid_slow_structure",3,0.4100719793848,1.0047904,0,"reorganization",0.412036388194845
"rigid_slow_structure",4,0.35679621744054,1.0071712384,0,"reorganization",0.359354888176024
"rigid_slow_structure",5,0.29677702526896,1.0095425534464,0,"reorganization",0.299609035894253
"rigid_slow_structure",6,0.228855074892239,1.01190438323261,0,"reorganization",0.231579453408485
"rigid_slow_structure",7,0.151590720103555,1.01425676569968,0,"reorganization",0.153751913482318
"rigid_slow_structure",8,0.0631748632308269,1.01659973863689,0,"reorganization",0.0642235494488795
"rigid_slow_structure",9,0,1.01893333968234,0,"reorganization",0
"rigid_slow_structure",10,0,1.02125760632361,0,"reorganization",0
"rigid_slow_structure",11,0,1.02357257589831,0,"reorganization",0
"rigid_slow_structure",12,0,1.02587828559472,0,"reorganization",0
"rigid_slow_structure",13,0,1.02817477245234,0,"reorganization",0
"rigid_slow_structure",14,0,1.03046207336253,0,"reorganization",0
"rigid_slow_structure",15,0,1.03274022506908,0,"reorganization",0
"rigid_slow_structure",16,0,1.03500926416881,0,"reorganization",0
"rigid_slow_structure",17,0,1.03726922711213,0,"reorganization",0
"rigid_slow_structure",18,0,1.03952015020368,0,"reorganization",0
"rigid_slow_structure",19,0,1.04176206960287,0,"reorganization",0
"rigid_slow_structure",20,0,1.04399502132446,0,"reorganization",0
"rigid_slow_structure",21,0,1.04621904123916,0,"reorganization",0
"rigid_slow_structure",22,0,1.0484341650742,0,"reorganization",0
"rigid_slow_structure",23,0,1.0506404284139,0,"reorganization",0
"rigid_slow_structure",24,0,1.05283786670025,0,"reorganization",0
"rigid_slow_structure",25,0,1.05502651523345,0,"reorganization",0
"rigid_slow_structure",26,0,1.05720640917251,0,"reorganization",0
"rigid_slow_structure",27,0,1.05937758353582,0,"reorganization",0
"rigid_slow_structure",28,0,1.06154007320168,0,"reorganization",0
"rigid_slow_structure",29,0,1.06369391290887,0,"reorganization",0
"rigid_slow_structure",30,0,1.06583913725724,0,"reorganization",0
"rigid_slow_structure",31,0,1.06797578070821,0,"reorganization",0
"rigid_slow_structure",32,0,1.07010387758538,0,"reorganization",0
"rigid_slow_structure",33,0,1.07222346207504,0,"reorganization",0
"rigid_slow_structure",34,0,1.07433456822673,0,"reorganization",0
"rigid_slow_structure",35,0,1.07643722995383,0,"reorganization",0
"rigid_slow_structure",36,0,1.07853148103401,0,"reorganization",0
"rigid_slow_structure",37,0,1.08061735510988,0,"reorganization",0
"rigid_slow_structure",38,0,1.08269488568944,0,"reorganization",0
"rigid_slow_structure",39,0,1.08476410614668,0,"reorganization",0
"rigid_slow_structure",40,0,1.08682504972209,0,"reorganization",0
"rigid_slow_structure",41,0,1.0888777495232,0,"reorganization",0
"rigid_slow_structure",42,0,1.09092223852511,0,"reorganization",0
"rigid_slow_structure",43,0,1.09295854957101,0,"reorganization",0
"rigid_slow_structure",44,0,1.09498671537273,0,"reorganization",0
"rigid_slow_structure",45,0,1.09700676851124,0,"reorganization",0
"rigid_slow_structure",46,0,1.09901874143719,0,"reorganization",0
"rigid_slow_structure",47,0,1.10102266647144,0,"reorganization",0
"rigid_slow_structure",48,0,1.10301857580556,0,"reorganization",0
"rigid_slow_structure",49,0,1.10500650150233,0,"reorganization",0
"rigid_slow_structure",50,0,1.10698647549633,0,"reorganization",0
"rigid_slow_structure",51,0,1.10895852959434,0,"reorganization",0
"rigid_slow_structure",52,0,1.11092269547596,0,"reorganization",0
"rigid_slow_structure",53,0,1.11287900469406,0,"reorganization",0
"rigid_slow_structure",54,0,1.11482748867528,0,"reorganization",0
"rigid_slow_structure",55,0,1.11676817872058,0,"reorganization",0
"rigid_slow_structure",56,0,1.1187011060057,0,"reorganization",0
"rigid_slow_structure",57,0,1.12062630158168,0,"reorganization",0
"rigid_slow_structure",58,0,1.12254379637535,0,"reorganization",0
"rigid_slow_structure",59,0,1.12445362118985,0,"reorganization",0
"rigid_slow_structure",60,0,1.12635580670509,0,"reorganization",0
"rigid_slow_structure",61,0,1.12825038347827,0,"reorganization",0
"rigid_slow_structure",62,0,1.13013738194436,0,"reorganization",0
"rigid_slow_structure",63,0,1.13201683241658,0,"reorganization",0
"rigid_slow_structure",64,0,1.13388876508691,0,"reorganization",0
"rigid_slow_structure",65,0,1.13575321002656,0,"reorganization",0
"rigid_slow_structure",66,0,1.13761019718646,0,"reorganization",0
"rigid_slow_structure",67,0,1.13945975639771,0,"reorganization",0
"rigid_slow_structure",68,0,1.14130191737212,0,"reorganization",0
"rigid_slow_structure",69,0,1.14313670970263,0,"reorganization",0
"rigid_slow_structure",70,0,1.14496416286382,0,"reorganization",0
"rigid_slow_structure",71,0,1.14678430621237,0,"reorganization",0
"rigid_slow_structure",72,0,1.14859716898752,0,"reorganization",0
"rigid_slow_structure",73,0,1.15040278031157,0,"reorganization",0
"rigid_slow_structure",74,0,1.15220116919032,0,"reorganization",0
"rigid_slow_structure",75,0,1.15399236451356,0,"reorganization",0
"rigid_slow_structure",76,0,1.15577639505551,0,"reorganization",0
"rigid_slow_structure",77,0,1.15755328947528,0,"reorganization",0
"rigid_slow_structure",78,0,1.15932307631738,0,"reorganization",0
"rigid_slow_structure",79,0,1.16108578401211,0,"reorganization",0
"rigid_slow_structure",80,0,1.16284144087607,0,"reorganization",0
"rigid_slow_structure",81,0,1.16459007511256,0,"reorganization",0
"rigid_slow_structure",82,0,1.16633171481211,0,"reorganization",0
"rigid_slow_structure",83,0,1.16806638795286,0,"reorganization",0
"rigid_slow_structure",84,0,1.16979412240105,0,"reorganization",0
"rigid_slow_structure",85,0,1.17151494591145,0,"reorganization",0
"rigid_slow_structure",86,0,1.1732288861278,0,"reorganization",0
"rigid_slow_structure",87,0,1.17493597058329,0,"reorganization",0
"rigid_slow_structure",88,0,1.17663622670096,0,"reorganization",0
"rigid_slow_structure",89,0,1.17832968179415,0,"reorganization",0
"rigid_slow_structure",90,0,1.18001636306698,0,"reorganization",0
"rigid_slow_structure",91,0,1.18169629761471,0,"reorganization",0
"rigid_slow_structure",92,0,1.18336951242425,0,"reorganization",0
"rigid_slow_structure",93,0,1.18503603437455,0,"reorganization",0
"rigid_slow_structure",94,0,1.18669589023705,0,"reorganization",0
"rigid_slow_structure",95,0,1.18834910667611,0,"reorganization",0
"rigid_slow_structure",96,0,1.1899957102494,0,"reorganization",0
"rigid_slow_structure",97,0,1.1916357274084,0,"reorganization",0
"rigid_slow_structure",98,0,1.19326918449877,0,"reorganization",0
"rigid_slow_structure",99,0,1.19489610776077,0,"reorganization",0
"rigid_slow_structure",100,0,1.19651652332973,0,"reorganization",0
"rigid_slow_structure",101,0,1.19813045723641,0,"reorganization",0
"rigid_slow_structure",102,0,1.19973793540747,0,"reorganization",0
"rigid_slow_structure",103,0,1.20133898366584,0,"reorganization",0
"rigid_slow_structure",104,0,1.20293362773117,0,"reorganization",0
"rigid_slow_structure",105,0,1.20452189322025,0,"reorganization",0
"rigid_slow_structure",106,0,1.20610380564737,0,"reorganization",0
"rigid_slow_structure",107,0,1.20767939042478,0,"reorganization",0
"rigid_slow_structure",108,0,1.20924867286308,0,"reorganization",0
"rigid_slow_structure",109,0,1.21081167817163,0,"reorganization",0
"rigid_slow_structure",110,0,1.21236843145894,0,"reorganization",0
"rigid_slow_structure",111,0,1.21391895773311,0,"reorganization",0
"rigid_slow_structure",112,0,1.21546328190217,0,"reorganization",0
"rigid_slow_structure",113,0,1.21700142877456,0,"reorganization",0
"rigid_slow_structure",114,0,1.21853342305947,0,"reorganization",0
"rigid_slow_structure",115,0,1.22005928936723,0,"reorganization",0
"rigid_slow_structure",116,0,1.22157905220976,0,"reorganization",0
"rigid_slow_structure",117,0,1.22309273600092,0,"reorganization",0
"rigid_slow_structure",118,0,1.22460036505692,0,"reorganization",0
"rigid_slow_structure",119,0,1.22610196359669,0,"reorganization",0
"rigid_slow_structure",120,0,1.2275975557423,0,"reorganization",0
"rigid_slow_structure",121,0,1.22908716551933,0,"reorganization",0
"rigid_slow_structure",122,0,1.23057081685726,0,"reorganization",0
"rigid_slow_structure",123,0,1.23204853358983,0,"reorganization",0
"rigid_slow_structure",124,0,1.23352033945547,0,"reorganization",0
"rigid_slow_structure",125,0,1.23498625809765,0,"reorganization",0
"rigid_slow_structure",126,0,1.23644631306525,0,"reorganization",0
"rigid_slow_structure",127,0,1.23790052781299,0,"reorganization",0
"rigid_slow_structure",128,0,1.23934892570174,0,"reorganization",0
"rigid_slow_structure",129,0,1.24079152999893,0,"reorganization",0
"rigid_slow_structure",130,0,1.24222836387894,0,"reorganization",0
"rigid_slow_structure",131,0,1.24365945042342,0,"reorganization",0
"rigid_slow_structure",132,0,1.24508481262173,0,"reorganization",0
"rigid_slow_structure",133,0,1.24650447337124,0,"reorganization",0
"rigid_slow_structure",134,0,1.24791845547776,0,"reorganization",0
"rigid_slow_structure",135,0,1.24932678165585,0,"reorganization",0
"rigid_slow_structure",136,0,1.25072947452922,0,"reorganization",0
"rigid_slow_structure",137,0,1.25212655663111,0,"reorganization",0
"rigid_slow_structure",138,0,1.25351805040458,0,"reorganization",0
"rigid_slow_structure",139,0,1.25490397820296,0,"reorganization",0
"rigid_slow_structure",140,0,1.25628436229015,0,"reorganization",0
"rigid_slow_structure",141,0,1.25765922484099,0,"reorganization",0
"rigid_slow_structure",142,0,1.25902858794163,0,"reorganization",0
"rigid_slow_structure",143,0,1.26039247358986,0,"reorganization",0
"rigid_slow_structure",144,0,1.2617509036955,0,"reorganization",0
"rigid_slow_structure",145,0,1.26310390008072,0,"reorganization",0
"rigid_slow_structure",146,0,1.2644514844804,0,"reorganization",0
"rigid_slow_structure",147,0,1.26579367854247,0,"reorganization",0
"rigid_slow_structure",148,0,1.2671305038283,0,"reorganization",0
"rigid_slow_structure",149,0,1.26846198181299,0,"reorganization",0
"rigid_slow_structure",150,0,1.26978813388574,0,"reorganization",0
"rigid_slow_structure",151,0,1.2711089813502,0,"reorganization",0
"rigid_slow_structure",152,0,1.2724245454248,0,"reorganization",0
"rigid_slow_structure",153,0,1.2737348472431,0,"reorganization",0
"rigid_slow_structure",154,0,1.27503990785412,0,"reorganization",0
"rigid_slow_structure",155,0,1.27633974822271,0,"reorganization",0
"rigid_slow_structure",156,0,1.27763438922982,0,"reorganization",0
"rigid_slow_structure",157,0,1.2789238516729,0,"reorganization",0
"rigid_slow_structure",158,0,1.28020815626621,0,"reorganization",0
"rigid_slow_structure",159,0,1.28148732364114,0,"reorganization",0
"rigid_slow_structure",160,0,1.28276137434658,0,"reorganization",0
"weak_memory_high_volatility",1,0.5,1,0,"reorganization",0.5
"weak_memory_high_volatility",2,0.50259,1.006,0,"reorganization",0.50560554
"weak_memory_high_volatility",3,0.505073664595,1.01194,0,"reorganization",0.511104244150264
"weak_memory_high_volatility",4,0.507442589596829,1.0178206,0,"reorganization",0.516485521008998
"weak_memory_high_volatility",5,0.509687492755485,1.023642394,0,"reorganization",0.521737725276082
"weak_memory_high_volatility",6,0.511798122613694,1.02940597006,0,"reorganization",0.526848042884036
"weak_memory_high_volatility",7,0.513763157366931,1.0351119103594,0,"reorganization",0.531802363294361
"weak_memory_high_volatility",8,0.515570092492343,1.04076079125581,0,"reorganization",0.53658513741016
"weak_memory_high_volatility",9,0.517205115727174,1.04635318334325,0,"reorganization",0.541179219282541
"weak_memory_high_volatility",10,0.518652967761991,1.05188965150982,0,"reorganization",0.545565689513692
"weak_memory_high_volatility",11,0.519896786759629,1.05737075499472,0,"reorganization",0.549723657935356
"weak_memory_high_volatility",12,0.520917934509114,1.06279704744477,0,"reorganization",0.553630042757315
"weak_memory_high_volatility",13,0.521695801664884,1.06816907697032,0,"reorganization",0.557259322923671
"weak_memory_high_volatility",14,0.52220758909291,1.07348738620062,0,"reorganization",0.560583259869475
"weak_memory_high_volatility",15,0.522428061831494,1.07875251233861,0,"reorganization",0.563570584216917
"weak_memory_high_volatility",16,0.522329271556222,1.08396498721523,0,"reorganization",0.566186642164579
"weak_memory_high_volatility",17,0.521880242691923,1.08912533734307,0,"reorganization",0.568392995374526
"weak_memory_high_volatility",18,0.52104661640912,1.09423408396964,0,"reorganization",0.570146967011916
"weak_memory_high_volatility",19,0.519790245640387,1.09929174312995,0,"reorganization",0.571401125191965
"weak_memory_high_volatility",20,0.518068732904788,1.10429882569865,0,"reorganization",0.572102693377945
"weak_memory_high_volatility",21,0.515834901074609,1.10925583744166,0,"reorganization",0.572192875173152
"weak_memory_high_volatility",22,0.51303618517889,1.11416327906725,0,"reorganization",0.571606078359062
"weak_memory_high_volatility",23,0.509613930811136,1.11902164627657,0,"reorganization",0.570269019821752
"weak_memory_high_volatility",24,0.50550258156216,1.12383142981381,0,"reorganization",0.568099689011572
"weak_memory_high_volatility",25,0.500628733961435,1.12859311551567,0,"reorganization",0.565006142578201
"weak_memory_high_volatility",26,0.494910033456028,1.13330718436051,0,"reorganization",0.560885096527817
"weak_memory_high_volatility",27,0.488253878687132,1.13797411251691,0,"reorganization",0.555620274281927
"weak_memory_high_volatility",28,0.480555893343945,1.14259437139174,0,"reorganization",0.549080458873921
"weak_memory_high_volatility",29,0.471698114651425,1.14716842767782,0,"reorganization",0.541117184523268
"weak_memory_high_volatility",30,0.461546834364158,1.15169674340104,0,"reorganization",0.531561986064261
"weak_memory_high_volatility",31,0.449950011014266,1.15617977596703,0,"reorganization",0.520223102930838
"weak_memory_high_volatility",32,0.43673414975171,1.16061797820736,0,"reorganization",0.506881505898941
"weak_memory_high_volatility",33,0.421700516553806,1.16501179842529,0,"reorganization",0.491286077187223
"weak_memory_high_volatility",34,0.40462051425192,1.16936168044104,0,"reorganization",0.473147724486542
"weak_memory_high_volatility",35,0.38522999502382,1.17366806363662,0,"reorganization",0.452132142314353
"weak_memory_high_volatility",36,0.363222212428402,1.17793138300026,0,"reorganization",0.427850843022202
"weak_memory_high_volatility",37,0.338239018034411,1.18215206917026,0,"reorganization",0.399849955043494
"weak_memory_high_volatility",38,0.30985977194743,1.18633054847855,0,"reorganization",0.367596113205834
"weak_memory_high_volatility",39,0.277587246312076,1.19046724299377,0,"reorganization",0.330458523807369
"weak_memory_high_volatility",40,0.240829530875208,1.19456257056383,0,"reorganization",0.287685943469969
"weak_memory_high_volatility",41,0.198876561195929,1.19861694485819,0,"reorganization",0.238376816184567
"weak_memory_high_volatility",42,0.15086932270011,1.20263077540961,0,"reorganization",0.181440090544356
"weak_memory_high_volatility",43,0.0957589416875923,1.20660446765551,0,"reorganization",0.115543166858213
"weak_memory_high_volatility",44,0.032251602544194,1.21053842297896,0,"reorganization",0.0390418040823927
"weak_memory_high_volatility",45,0,1.21443303874917,0,"reorganization",0
"weak_memory_high_volatility",46,0,1.21828870836168,0,"reorganization",0
"weak_memory_high_volatility",47,0,1.22210582127806,0,"reorganization",0
"weak_memory_high_volatility",48,0,1.22588476306528,0,"reorganization",0
"weak_memory_high_volatility",49,0,1.22962591543463,0,"reorganization",0
"weak_memory_high_volatility",50,0,1.23332965628028,0,"reorganization",0
"weak_memory_high_volatility",51,0,1.23699635971748,0,"reorganization",0
"weak_memory_high_volatility",52,0,1.2406263961203,0,"reorganization",0
"weak_memory_high_volatility",53,0,1.2442201321591,0,"reorganization",0
"weak_memory_high_volatility",54,0,1.24777793083751,0,"reorganization",0
"weak_memory_high_volatility",55,0,1.25130015152913,0,"reorganization",0
"weak_memory_high_volatility",56,0,1.25478715001384,0,"reorganization",0
"weak_memory_high_volatility",57,0,1.2582392785137,0,"reorganization",0
"weak_memory_high_volatility",58,0,1.26165688572857,0,"reorganization",0
"weak_memory_high_volatility",59,0,1.26504031687128,0,"reorganization",0
"weak_memory_high_volatility",60,0,1.26838991370257,0,"reorganization",0
"weak_memory_high_volatility",61,0,1.27170601456554,0,"reorganization",0
"weak_memory_high_volatility",62,0,1.27498895441989,0,"reorganization",0
"weak_memory_high_volatility",63,0,1.27823906487569,0,"reorganization",0
"weak_memory_high_volatility",64,0,1.28145667422693,0,"reorganization",0
"weak_memory_high_volatility",65,0,1.28464210748466,0,"reorganization",0
"weak_memory_high_volatility",66,0,1.28779568640982,0,"reorganization",0
"weak_memory_high_volatility",67,0,1.29091772954572,0,"reorganization",0
"weak_memory_high_volatility",68,0,1.29400855225026,0,"reorganization",0
"weak_memory_high_volatility",69,0,1.29706846672776,0,"reorganization",0
"weak_memory_high_volatility",70,0,1.30009778206048,0,"reorganization",0
"weak_memory_high_volatility",71,0,1.30309680423988,0,"reorganization",0
"weak_memory_high_volatility",72,0,1.30606583619748,0,"reorganization",0
"weak_memory_high_volatility",73,0,1.3090051778355,0,"reorganization",0
"weak_memory_high_volatility",74,0,1.31191512605715,0,"reorganization",0
"weak_memory_high_volatility",75,0,1.31479597479658,0,"reorganization",0
"weak_memory_high_volatility",76,0,1.31764801504861,0,"reorganization",0
"weak_memory_high_volatility",77,0,1.32047153489812,0,"reorganization",0
"weak_memory_high_volatility",78,0,1.32326681954914,0,"reorganization",0
"weak_memory_high_volatility",79,0,1.32603415135365,0,"reorganization",0
"weak_memory_high_volatility",80,0,1.32877380984011,0,"reorganization",0
"weak_memory_high_volatility",81,0,1.33148607174171,0,"reorganization",0
"weak_memory_high_volatility",82,0,1.3341712110243,0,"reorganization",0
"weak_memory_high_volatility",83,0,1.33682949891405,0,"reorganization",0
"weak_memory_high_volatility",84,0,1.33946120392491,0,"reorganization",0
"weak_memory_high_volatility",85,0,1.34206659188566,0,"reorganization",0
"weak_memory_high_volatility",86,0,1.34464592596681,0,"reorganization",0
"weak_memory_high_volatility",87,0,1.34719946670714,0,"reorganization",0
"weak_memory_high_volatility",88,0,1.34972747204007,0,"reorganization",0
"weak_memory_high_volatility",89,0,1.35223019731967,0,"reorganization",0
"weak_memory_high_volatility",90,0,1.35470789534647,0,"reorganization",0
"weak_memory_high_volatility",91,0,1.35716081639301,0,"reorganization",0
"weak_memory_high_volatility",92,0,1.35958920822908,0,"reorganization",0
"weak_memory_high_volatility",93,0,1.36199331614678,0,"reorganization",0
"weak_memory_high_volatility",94,0,1.36437338298532,0,"reorganization",0
"weak_memory_high_volatility",95,0,1.36672964915546,0,"reorganization",0
"weak_memory_high_volatility",96,0,1.36906235266391,0,"reorganization",0
"weak_memory_high_volatility",97,0,1.37137172913727,0,"reorganization",0
"weak_memory_high_volatility",98,0,1.3736580118459,0,"reorganization",0
"weak_memory_high_volatility",99,0,1.37592143172744,0,"reorganization",0
"weak_memory_high_volatility",100,0,1.37816221741016,0,"reorganization",0
"weak_memory_high_volatility",101,0,1.38038059523606,0,"reorganization",0
"weak_memory_high_volatility",102,0,1.3825767892837,0,"reorganization",0
"weak_memory_high_volatility",103,0,1.38475102139086,0,"reorganization",0
"weak_memory_high_volatility",104,0,1.38690351117696,0,"reorganization",0
"weak_memory_high_volatility",105,0,1.38903447606519,0,"reorganization",0
"weak_memory_high_volatility",106,0,1.39114413130453,0,"reorganization",0
"weak_memory_high_volatility",107,0,1.39323268999149,0,"reorganization",0
"weak_memory_high_volatility",108,0,1.39530036309157,0,"reorganization",0
"weak_memory_high_volatility",109,0,1.39734735946066,0,"reorganization",0
"weak_memory_high_volatility",110,0,1.39937388586605,0,"reorganization",0
"weak_memory_high_volatility",111,0,1.40138014700739,0,"reorganization",0
"weak_memory_high_volatility",112,0,1.40336634553732,0,"reorganization",0
"weak_memory_high_volatility",113,0,1.40533268208194,0,"reorganization",0
"weak_memory_high_volatility",114,0,1.40727935526112,0,"reorganization",0
"weak_memory_high_volatility",115,0,1.40920656170851,0,"reorganization",0
"weak_memory_high_volatility",116,0,1.41111449609143,0,"reorganization",0
"weak_memory_high_volatility",117,0,1.41300335113051,0,"reorganization",0
"weak_memory_high_volatility",118,0,1.41487331761921,0,"reorganization",0
"weak_memory_high_volatility",119,0,1.41672458444302,0,"reorganization",0
"weak_memory_high_volatility",120,0,1.41855733859859,0,"reorganization",0
"weak_memory_high_volatility",121,0,1.4203717652126,0,"reorganization",0
"weak_memory_high_volatility",122,0,1.42216804756047,0,"reorganization",0
"weak_memory_high_volatility",123,0,1.42394636708487,0,"reorganization",0
"weak_memory_high_volatility",124,0,1.42570690341402,0,"reorganization",0
"weak_memory_high_volatility",125,0,1.42744983437988,0,"reorganization",0
"weak_memory_high_volatility",126,0,1.42917533603608,0,"reorganization",0
"weak_memory_high_volatility",127,0,1.43088358267572,0,"reorganization",0
"weak_memory_high_volatility",128,0,1.43257474684896,0,"reorganization",0
"weak_memory_high_volatility",129,0,1.43424899938047,0,"reorganization",0
"weak_memory_high_volatility",130,0,1.43590650938667,0,"reorganization",0
"weak_memory_high_volatility",131,0,1.4375474442928,0,"reorganization",0
"weak_memory_high_volatility",132,0,1.43917196984988,0,"reorganization",0
"weak_memory_high_volatility",133,0,1.44078025015138,0,"reorganization",0
"weak_memory_high_volatility",134,0,1.44237244764986,0,"reorganization",0
"weak_memory_high_volatility",135,0,1.44394872317336,0,"reorganization",0
"weak_memory_high_volatility",136,0,1.44550923594163,0,"reorganization",0
"weak_memory_high_volatility",137,0,1.44705414358221,0,"reorganization",0
"weak_memory_high_volatility",138,0,1.44858360214639,0,"reorganization",0
"weak_memory_high_volatility",139,0,1.45009776612493,0,"reorganization",0
"weak_memory_high_volatility",140,0,1.45159678846368,0,"reorganization",0
"weak_memory_high_volatility",141,0,1.45308082057904,0,"reorganization",0
"weak_memory_high_volatility",142,0,1.45455001237325,0,"reorganization",0
"weak_memory_high_volatility",143,0,1.45600451224952,0,"reorganization",0
"weak_memory_high_volatility",144,0,1.45744446712702,0,"reorganization",0
"weak_memory_high_volatility",145,0,1.45887002245575,0,"reorganization",0
"weak_memory_high_volatility",146,0,1.4602813222312,0,"reorganization",0
"weak_memory_high_volatility",147,0,1.46167850900888,0,"reorganization",0
"weak_memory_high_volatility",148,0,1.4630617239188,0,"reorganization",0
"weak_memory_high_volatility",149,0,1.46443110667961,0,"reorganization",0
"weak_memory_high_volatility",150,0,1.46578679561281,0,"reorganization",0
"weak_memory_high_volatility",151,0,1.46712892765668,0,"reorganization",0
"weak_memory_high_volatility",152,0,1.46845763838012,0,"reorganization",0
"weak_memory_high_volatility",153,0,1.46977306199632,0,"reorganization",0
"weak_memory_high_volatility",154,0,1.47107533137635,0,"reorganization",0
"weak_memory_high_volatility",155,0,1.47236457806259,0,"reorganization",0
"weak_memory_high_volatility",156,0,1.47364093228196,0,"reorganization",0
"weak_memory_high_volatility",157,0,1.47490452295914,0,"reorganization",0
"weak_memory_high_volatility",158,0,1.47615547772955,0,"reorganization",0
"weak_memory_high_volatility",159,0,1.47739392295226,0,"reorganization",0
"weak_memory_high_volatility",160,0,1.47861998372273,0,"reorganization",0
"recurrent_release",1,0.5,1,0,"reorganization",0.5
"recurrent_release",2,0.558483333333333,1.006,0,"reorganization",0.561834233333333
"recurrent_release",3,0.624384924425926,1.01194,0,"reorganization",0.631840080423572
"recurrent_release",4,0.698119988721087,1.0178206,0,"reorganization",0.71056090579209
"recurrent_release",5,0.779952581738508,1.023642394,0,"reorganization",0.798392527977288
"recurrent_release",6,0.869941058987006,1.02940597006,0,"growth",0.895522519721543
"recurrent_release",7,0.967883606966297,1.0351119103594,0,"growth",1.00186784941243
"recurrent_release",8,1.07327050751404,1.04076079125581,0,"growth",1.11701786263183
"recurrent_release",9,1.18525142688434,1.04635318334325,0,"growth",1.24019160358256
"recurrent_release",10,1.3026265647197,1.05188965150982,0,"growth",1.37021940321044
"recurrent_release",11,1.42386926615546,1.05737075499472,0,"growth",1.50555772096857
"recurrent_release",12,1.54718426201613,1.06279704744477,0,"growth",1.64434286552376
"recurrent_release",13,1.67060021292935,1.06816907697032,0,"growth",1.78448348743117
"recurrent_release",14,1.79208864822574,1.07348738620062,0,"growth",1.92378455882366
"recurrent_release",15,1.90969537316269,1.07875251233861,0,"growth",2.06008868160068
"recurrent_release",16,2.02166685230675,1.08396498721523,0,"growth",2.19141608371413
"recurrent_release",17,2.12655431605985,1.08912533734307,0,"conservation",2.31608418685706
"recurrent_release",18,2.22328254722706,1.09423408396964,0,"conservation",2.4327915414707
"recurrent_release",19,1.16505085225293,1.25423408396964,1,"release",1.46124648845351
"recurrent_release",20,1.27630204619427,1.25769174312995,0,"growth",1.60519454523839
"recurrent_release",21,1.39160927804444,1.26111482569865,0,"growth",1.75497909212164
"recurrent_release",22,1.50938289212182,1.26450367744166,0,"growth",1.90862021775557
"recurrent_release",23,1.62784830502211,1.26785864066724,0,"growth",2.06388153921781
"recurrent_release",24,1.74514519507213,1.27118005426057,0,"growth",2.21839376376436
"recurrent_release",25,1.85944148759092,1.27446825371797,0,"growth",2.36979914558073
"recurrent_release",26,1.96904795198443,1.27772357118079,0,"growth",2.51589898103577
"recurrent_release",27,2.07251836639473,1.28094633546898,0,"conservation",2.65478480662549
"recurrent_release",28,2.16872265276685,1.28413687211429,0,"conservation",2.78493672380743
"recurrent_release",29,1.11080656520909,1.44413687211429,1,"release",1.60415671860508
"recurrent_release",30,1.21464400720925,1.44569550339315,0,"growth",1.75600537944585
"recurrent_release",31,1.3231116595738,1.44723854835921,0,"growth",1.91485819751874
"recurrent_release",32,1.43488292056248,1.44876616287562,0,"growth",2.07880982299908
"recurrent_release",33,1.54841889268091,1.45027850124687,0,"growth",2.2456386309796
"recurrent_release",34,1.6620430679132,1.4517757162344,0,"growth",2.4129137653321
"recurrent_release",35,1.7740352006877,1.45325795907205,0,"growth",2.57813077507338
"recurrent_release",36,1.8827340844734,1.45472537948133,0,"growth",2.738861055498
"recurrent_release",37,1.98663657668031,1.45617812568652,0,"growth",2.89289672665063
"recurrent_release",38,2.08448040182252,1.45761634442966,0,"conservation",3.0383727033398
"recurrent_release",39,2.1753010997847,1.45904018098536,0,"conservation",3.17385171032752
"recurrent_release",40,1.11242299023537,1.61904018098536,1,"release",1.80105751944295
"recurrent_release",41,1.21192782976562,1.6188497791755,0,"growth",1.96192909959272
"recurrent_release",42,1.3159195011572,1.61866128138375,0,"growth",2.13002794594098
"recurrent_release",43,1.42318926179864,1.61847466856991,0,"growth",2.30339576880182
"recurrent_release",44,1.53232945045038,1.61828992188421,0,"growth",2.47975330667023
"recurrent_release",45,1.64179795036505,1.61810702266537,0,"growth",2.65660479328329
"recurrent_release",46,1.75000030412756,1.61792595243872,0,"growth",2.83137090882363
"recurrent_release",47,1.85538099702423,1.61774669291433,0,"growth",3.00153647203204
"recurrent_release",48,1.95651318282508,1.61756922598519,0,"growth",3.16479551477218
"recurrent_release",49,2.05217594079608,1.61739353372533,0,"conservation",3.31917609671029
"recurrent_release",50,2.14141020276325,1.61721959838808,0,"conservation",3.46313054809692
"recurrent_release",51,2.2235482713567,1.6170474024042,0,"conservation",3.5955829563177
"recurrent_release",52,1.15222061289771,1.7770474024042,1,"release",2.04755064714644
"recurrent_release",53,1.24968679918078,1.77527692838016,0,"growth",2.21854014228689
"recurrent_release",54,1.35108394350556,1.77352415909636,0,"growth",2.39618001477429
"recurrent_release",55,1.45522405902959,1.77178891750539,0,"growth",2.57834986027584
"recurrent_release",56,1.56075272986992,1.77007102833034,0,"growth",2.76264318953024
"recurrent_release",57,1.66621237679214,1.76837031804704,0,"growth",2.94648051068182
"recurrent_release",58,1.77011925598153,1.76668661486657,0,"growth",3.12724599626013
"recurrent_release",59,1.87104612479268,1.7650197487179,0,"growth",3.30243336102117
"recurrent_release",60,1.96770102768931,1.76336955123072,0,"growth",3.46978407815272
"recurrent_release",61,2.05899299643396,1.76173585571841,0,"conservation",3.6274017884908
"recurrent_release",62,2.14407762140625,1.76011849716123,0,"conservation",3.7738306807866
"recurrent_release",63,2.22237889719317,1.75851731218962,0,"conservation",3.90809176495907
"recurrent_release",64,1.1476272129811,1.91851731218962,1,"release",2.20174267604416
"recurrent_release",65,1.24130687877955,1.91533213906772,0,"growth",2.37751495937231
"recurrent_release",66,1.3388832668703,1.91217881767704,0,"growth",2.56018422225163
"recurrent_release",67,1.43927017827766,1.90905702950027,0,"growth",2.74764885119109
"recurrent_release",68,1.54122061419969,1.90596645920527,0,"growth",2.93751479690035
"recurrent_release",69,1.64338168516909,1.90290679461322,0,"growth",3.12720217485118
"recurrent_release",70,1.74436273476231,1.89987772666709,0,"growth",3.314075907003
"recurrent_release",71,1.8428099457546,1.89687894940042,0,"growth",3.49558739384762
"recurrent_release",72,1.93747917502169,1.89391015990641,0,"growth",3.66941149418066
"recurrent_release",73,2.02729874157887,1.89097105830735,0,"growth",3.83356324686855
"recurrent_release",74,2.11141545816523,1.88806134772427,0,"conservation",3.98648191554931
"recurrent_release",75,2.18921998496964,1.88518073424703,0,"conservation",4.12707533869333
"recurrent_release",76,1.11442218743469,2.04518073424703,1,"release",2.27919478755886
"recurrent_release",77,1.20327002392544,2.04072892690456,0,"growth",2.45554794470179
"recurrent_release",78,1.29627170660769,2.03632163763551,0,"growth",2.63962612441995
"recurrent_release",79,1.39248757075549,2.03195842125916,0,"growth",2.82947684589533
"recurrent_release",80,1.49081002578922,2.02763883704657,0,"growth",3.02282430694863
"recurrent_release",81,1.59000651477873,2.0233624486761,0,"growth",3.21715947515365
"recurrent_release",82,1.68877653476949,2.01912882418934,0,"growth",3.40985737896766
"recurrent_release",83,1.7858177599534,2.01493753594745,0,"growth",3.5983112368917
"recurrent_release",84,1.87989446771041,2.01078816058797,0,"growth",3.78006953882692
"recurrent_release",85,1.96990074621576,2.00668027898209,0,"growth",3.95296097898328
"recurrent_release",86,2.05491162175186,2.00261347619227,0,"conservation",4.11519370610439
"recurrent_release",87,2.13421717094765,1.99858734143035,0,"conservation",4.26541942171927
"recurrent_release",88,2.20733741258155,1.99460146801605,0,"conservation",4.40275844354189
"recurrent_release",89,1.12811729486531,2.15460146801605,1,"release",2.43064317961108
"recurrent_release",90,1.21489382470602,2.14905545333589,0,"growth",2.61087419920855
"recurrent_release",91,1.30561113909657,2.14356489880253,0,"growth",2.79866220925298
"recurrent_release",92,1.39936699011891,2.1381292498145,0,"growth",2.99202749279813
"recurrent_release",93,1.49510409304925,2.13274795731636,0,"growth",3.18868020042611
"recurrent_release",94,1.59165060913335,2.12742047774319,0,"growth",3.38611009928272
"recurrent_release",95,1.6877732531267,2.12214627296576,0,"growth",3.58170171873413
"recurrent_release",96,1.78223847342833,2.1169248102361,0,"growth",3.77286484215776
"recurrent_release",97,1.87387555157766,2.11175556213374,0,"growth",3.95716711879056
"recurrent_release",98,1.96163486176262,2.10663800651241,0,"growth",4.13245455468884
"recurrent_release",99,2.04463513572521,2.10157162644728,0,"growth",4.29694718767728
"recurrent_release",100,2.12219529008632,2.09655591018281,0,"conservation",4.44930107799259
"recurrent_release",101,2.19384878808716,2.09159035108098,0,"conservation",4.58863295689381
"recurrent_release",102,1.11346395326147,2.25159035108098,1,"release",2.50706469344001
"recurrent_release",103,1.19705062253479,2.24507444757017,0,"growth",2.68746776510082
"recurrent_release",104,1.28464393771321,2.23862370309447,0,"growth",2.8758343690014
"recurrent_release",105,1.37542680697249,2.23223746606352,0,"growth",3.07027925035212
"recurrent_release",106,1.46842824559298,2.22591509140289,0,"growth",3.26859659250769
"recurrent_release",107,1.56255743782331,2.21965594048886,0,"growth",3.46833989921955
"recurrent_release",108,1.65665022979083,2.21345938108397,0,"growth",3.66692799230542
"recurrent_release",109,1.74952442745222,2.20732478727313,0,"growth",3.86176863465512
"recurrent_release",110,1.84003864724722,2.2012515394004,0,"growth",4.05038790480917
"recurrent_release",111,1.92714862710258,2.1952390240064,0,"growth",4.23055187127593
"recurrent_release",112,2.00995511177071,2.18928663376633,0,"growth",4.40036786066992
"recurrent_release",113,2.08773867653337,2.18339376742867,0,"conservation",4.55835561436274
"recurrent_release",114,2.15997886711292,2.17755982975438,0,"conservation",4.70348321414346
"recurrent_release",115,2.22635734107591,2.17178423145684,0,"conservation",4.83516776693683
"recurrent_release",116,1.1408897361605,2.33178423145684,1,"release",2.66030869661
"recurrent_release",117,1.22381483887655,2.32446638914227,0,"growth",2.84471645950211
"recurrent_release",118,1.31043684633572,2.31722172525085,0,"growth",3.03657272989835
"recurrent_release",119,1.399931385158,2.31004950799834,0,"growth",3.23391080751566
"recurrent_release",120,1.49133505323595,2.30294901291836,0,"growth",3.43446858878027
"recurrent_release",121,1.5835805852396,2.29591952278917,0,"growth",3.63577358156149
"recurrent_release",122,1.67554290300724,2.28896032756128,0,"growth",3.83525123211042
"recurrent_release",123,1.76609230068323,2.28207072428567,0,"growth",4.03034753577553
"recurrent_release",124,1.85414967406283,2.27525001704281,0,"growth",4.21865407751137
"recurrent_release",125,1.93873814502324,2.26849751687238,0,"growth",4.398022667851
"recurrent_release",126,2.01902583872899,2.26181254170366,0,"growth",4.56665796406097
"recurrent_release",127,2.09435588396641,2.25519441628662,0,"conservation",4.72317969523809
"recurrent_release",128,2.16426163050148,2.24864247212376,0,"conservation",4.86665062313343
"recurrent_release",129,2.22846717382992,2.24215604740252,0,"conservation",4.99657115024075
"recurrent_release",130,1.14103564442167,2.40215604740252,1,"release",2.74094567354935
"recurrent_release",131,1.22219084365304,2.39413448692849,0,"growth",2.92608924839798
"recurrent_release",132,1.30699375270142,2.38619314205921,0,"growth",3.11873952941035
"recurrent_release",133,1.39465894843134,2.37833121063862,0,"growth",3.31696090525068
"recurrent_release",134,1.48426630288634,2.37054789853223,0,"growth",3.51852436516941
"recurrent_release",135,1.57479346516674,2.36284241954691,0,"growth",3.72098880152125
"recurrent_release",136,1.66515875657774,2.35521399535144,0,"growth",3.9218052079739
"recurrent_release",137,1.75427110887016,2.34766185539792,0,"growth",4.1184353663211
"recurrent_release",138,1.84108239390096,2.34018523684395,0,"growth",4.30847383802034
"recurrent_release",139,1.92463690337537,2.33278338447551,0,"growth",4.48976098934245
"recurrent_release",140,2.00411302293682,2.32545555063075,0,"growth",4.66047575327979
"recurrent_release",141,2.07885327429042,2.31820099512444,0,"conservation",4.81919972917776
"recurrent_release",142,2.14838062495308,2.3110189851732,0,"conservation",4.96494841164483
"recurrent_release",143,2.21240089992315,2.30390879532147,0,"conservation",5.09716989211008
"recurrent_release",144,1.1249688438927,2.46390879532147,1,"release",2.77182062892984
"recurrent_release",145,1.20377858894075,2.45526970736825,0,"growth",2.95560110380473
"recurrent_release",146,1.28633322053837,2.44671701029457,0,"growth",3.14729337159824
"recurrent_release",147,1.37191004985207,2.43824984019162,0,"growth",3.34505945980909
"recurrent_release",148,1.45965043903197,2.42986734178971,0,"growth",3.5467569322328
"recurrent_release",149,1.54858774951376,2.42156866837181,0,"growth",3.75001157444694
"recurrent_release",150,1.63768575601052,2.41335298168809,0,"growth",3.9523138023361
"recurrent_release",151,1.72588476872901,2.40521945187121,0,"growth",4.15113161743527
"recurrent_release",152,1.81215138231968,2.3971672573525,0,"growth",4.34402995906281
"recurrent_release",153,1.89552701003926,2.38919558477897,0,"growth",4.52878476321509
"recurrent_release",154,1.97517038047888,2.38130362893118,0,"growth",4.70348039479175
"recurrent_release",155,2.05039000448274,2.37349059264187,0,"growth",4.86658138688671
"recurrent_release",156,2.1206640898829,2.36575568671545,0,"conservation",5.01697313025372
"recurrent_release",157,2.18564716462866,2.3580981298483,0,"conservation",5.15397049141907
"recurrent_release",158,2.2451643845591,2.35051714854982,0,"conservation",5.27729738721946
"recurrent_release",159,1.153383458511,2.51051714854982,1,"release",2.89558895144555
"recurrent_release",160,1.23238336538786,2.50141197706432,0,"growth",3.08269851051603
