scenario,time,population,housing,transport,service_capacity,accessibility,congestion,housing_gap,housing_pressure,service_pressure,policy_investment
baseline_neighborhood,1,100.0,112.0,90.0,120.0,45.0,1.111111,0.0,0.892857,0.833333,0.0
baseline_neighborhood,2,102.03054,114.242611,91.589093,119.99,45.334281,1.114003,0.0,0.893104,0.850325,0.0
baseline_neighborhood,3,104.063772,116.516916,93.200842,119.98003,45.67241,1.116554,0.0,0.893122,0.867342,0.0
baseline_neighborhood,4,106.109062,118.823029,94.835576,119.97009,46.012327,1.118874,0.0,0.893001,0.884463,0.0
baseline_neighborhood,5,108.241784,121.162573,96.493635,119.96018,46.337307,1.121751,0.0,0.89336,0.902314,0.0
baseline_neighborhood,6,110.29692,123.533861,98.175321,119.950299,46.684146,1.123469,0.0,0.892848,0.919522,0.0
baseline_neighborhood,7,112.22176,125.934161,99.880959,119.940448,47.064429,1.123555,0.0,0.891115,0.935646,0.0
baseline_neighborhood,8,114.338149,128.367187,101.610924,119.930627,47.406831,1.125254,0.0,0.890712,0.953369,0.0
baseline_neighborhood,9,116.401165,130.831742,103.365484,119.920835,47.765678,1.126113,0.0,0.889701,0.97065,0.0
baseline_neighborhood,10,118.476774,133.32795,105.14498,119.911072,48.126388,1.126794,0.0,0.888612,0.988039,0.0
baseline_neighborhood,11,120.593388,135.856506,106.949741,119.901339,48.48275,1.127571,0.0,0.887653,1.005772,0.0
baseline_neighborhood,12,122.725159,138.417583,108.78009,119.891635,48.840504,1.128195,0.0,0.88663,1.023634,0.0
baseline_neighborhood,13,124.945246,141.012818,110.636372,119.88196,49.18369,1.129332,0.0,0.886056,1.042236,0.0
baseline_neighborhood,14,127.108623,143.640939,112.518901,119.872314,49.54409,1.129665,0.0,0.884905,1.060367,0.0
baseline_neighborhood,15,129.212654,146.300628,114.428018,119.862698,49.922208,1.129205,0.0,0.8832,1.078006,0.0
baseline_neighborhood,16,131.22837,148.989993,116.364042,119.853109,50.324293,1.12774,0.0,0.880786,1.09491,0.0
baseline_neighborhood,17,133.214783,151.708329,118.327293,119.84355,50.737475,1.125816,0.0,0.878098,1.111572,0.0
baseline_neighborhood,18,135.326369,154.458023,120.318098,119.834019,51.128184,1.124738,0.0,0.876137,1.129282,0.0
baseline_neighborhood,19,137.541668,157.241024,122.336767,119.824517,51.501182,1.124287,0.0,0.874719,1.147859,0.0
baseline_neighborhood,20,139.625812,160.054576,124.383584,119.815044,51.907423,1.122542,0.0,0.872364,1.165345,8.0
baseline_neighborhood,21,141.693373,162.898226,126.45889,127.805599,52.322034,1.12047,0.0,0.869828,1.108663,0.0
baseline_neighborhood,22,143.875295,165.774139,128.563017,127.772182,52.716704,1.119103,0.0,0.8679,1.12603,0.0
baseline_neighborhood,23,145.856454,168.678171,130.696226,127.738865,53.159567,1.115996,0.0,0.864703,1.141833,0.0
baseline_neighborhood,24,147.952918,171.612517,132.858871,127.705649,53.582298,1.11361,0.0,0.862134,1.158546,0.0
baseline_neighborhood,25,150.129225,174.578651,135.051249,127.672532,53.992591,1.111646,0.0,0.859952,1.175893,0.0
baseline_neighborhood,26,152.342392,177.577185,137.273672,127.639514,54.399766,1.109771,0.0,0.857894,1.193536,0.0
baseline_neighborhood,27,154.442372,180.605723,139.526436,127.606596,54.836164,1.106904,0.0,0.855136,1.210301,0.0
baseline_neighborhood,28,156.604265,183.665386,141.809882,127.573776,55.264039,1.104325,0.0,0.852661,1.227558,0.0
baseline_neighborhood,29,158.752769,186.755779,144.12431,127.541055,55.699621,1.101499,0.0,0.850055,1.244719,0.0
baseline_neighborhood,30,160.954549,189.877847,146.470044,127.508431,56.128565,1.098891,0.0,0.847674,1.262305,0.0
baseline_neighborhood,31,162.966039,193.027657,148.847354,127.475906,56.603261,1.094853,0.0,0.844263,1.278407,0.0
baseline_neighborhood,32,165.14802,196.208506,151.256593,127.443478,57.046096,1.09184,0.0,0.841697,1.295853,0.0
baseline_neighborhood,33,167.121685,199.416106,153.697999,127.411148,57.538571,1.087338,0.0,0.838055,1.311672,0.0
baseline_neighborhood,34,168.988078,202.648203,156.171861,127.378915,58.059027,1.082065,0.0,0.833899,1.326657,0.0
baseline_neighborhood,35,171.060807,205.908827,158.678487,127.346778,58.539812,1.078034,0.0,0.83076,1.343268,0.0
baseline_neighborhood,36,173.104765,209.197287,161.218119,127.314737,59.031602,1.07373,0.0,0.827471,1.35966,0.0
baseline_neighborhood,37,175.330621,212.51711,163.791078,127.282793,59.488871,1.070453,0.0,0.825019,1.377489,0.0
baseline_neighborhood,38,177.535508,215.867752,166.397642,127.250945,59.955443,1.066935,0.0,0.822427,1.395161,0.0
baseline_neighborhood,39,179.552757,219.245336,169.038088,127.219192,60.46733,1.062203,0.0,0.818958,1.411365,0.0
baseline_neighborhood,40,181.780253,222.653959,171.712761,127.187534,60.938536,1.05863,0.0,0.816425,1.42923,8.0
baseline_neighborhood,41,183.823497,226.089814,174.4219,135.155972,61.454355,1.053901,0.0,0.813055,1.360084,0.0
baseline_neighborhood,42,186.021773,229.55589,177.165842,135.100504,61.941383,1.049987,0.0,0.810355,1.376914,0.0
baseline_neighborhood,43,188.201311,233.051692,179.94486,135.045202,62.437211,1.045883,0.0,0.807552,1.393617,0.0
baseline_neighborhood,44,190.42413,236.577968,182.759263,134.990067,62.928401,1.04194,0.0,0.804911,1.410653,0.0
baseline_neighborhood,45,192.71937,240.136044,185.609365,134.935097,63.408638,1.038306,0.0,0.802542,1.428238,0.0
baseline_neighborhood,46,194.997736,243.725454,188.49547,134.880291,63.89726,1.034496,0.0,0.800071,1.44571,0.0
baseline_neighborhood,47,197.248791,247.345528,191.417891,134.82565,64.396524,1.030462,0.0,0.797463,1.462992,0.0
baseline_neighborhood,48,199.531926,250.996785,194.376945,134.771173,64.893565,1.026521,0.0,0.794958,1.480524,0.0
baseline_neighborhood,49,201.799698,254.678792,197.372937,134.71686,65.398653,1.022428,0.0,0.792369,1.497954,0.0
baseline_neighborhood,50,203.959065,258.389258,200.406157,134.662709,65.931956,1.017729,0.0,0.789348,1.514592,0.0
baseline_neighborhood,51,206.113157,262.127964,203.476905,134.608721,66.47114,1.012956,0.0,0.786307,1.531202,0.0
baseline_neighborhood,52,208.295957,265.895371,206.58547,134.554895,67.008816,1.00828,0.0,0.783376,1.548037,0.0
baseline_neighborhood,53,210.579396,269.693378,209.732155,134.50123,67.52932,1.00404,0.0,0.78081,1.565632,0.0
baseline_neighborhood,54,212.790371,273.520411,212.917238,134.447727,68.070266,0.999404,0.0,0.777969,1.5827,0.0
baseline_neighborhood,55,215.263109,277.381592,216.141054,134.394384,68.558943,0.995938,0.0,0.776054,1.601727,0.0
baseline_neighborhood,56,217.418128,281.270428,219.403758,134.3412,69.12137,0.99095,0.0,0.772986,1.618402,0.0
baseline_neighborhood,57,219.546299,285.186272,222.705621,134.288177,69.69432,0.985814,0.0,0.769835,1.634889,0.0
baseline_neighborhood,58,221.862686,289.132781,226.046949,134.235312,70.230865,0.981489,0.0,0.767338,1.652789,0.0
baseline_neighborhood,59,224.244074,293.111131,229.42806,134.182606,70.757827,0.977405,0.0,0.765048,1.671186,0.0
baseline_neighborhood,60,226.532946,297.119346,232.849253,134.130058,71.309574,0.972874,0.0,0.762431,1.688905,8.0
baseline_neighborhood,61,228.854966,301.157968,236.310833,142.077668,71.858679,0.968449,0.0,0.759917,1.610774,0.0
baseline_neighborhood,62,231.303211,305.2294,239.813127,142.001435,72.384788,0.964514,0.0,0.757801,1.628879,0.0
baseline_neighborhood,63,233.598702,309.330457,243.356432,141.925431,72.948855,0.959904,0.0,0.755175,1.645926,0.0
baseline_neighborhood,64,235.762186,313.458378,246.941015,141.849655,73.546404,0.954731,0.0,0.752132,1.662057,0.0
baseline_neighborhood,65,238.017048,317.614886,250.567164,141.774106,74.128558,0.949913,0.0,0.749389,1.678847,0.0
baseline_neighborhood,66,240.421885,321.802864,254.235193,141.698783,74.682388,0.945667,0.0,0.747109,1.696711,0.0
baseline_neighborhood,67,242.587146,326.017396,257.945367,141.623687,75.293358,0.940459,0.0,0.744093,1.7129,0.0
baseline_neighborhood,68,244.902682,330.26138,261.697981,141.548816,75.87589,0.935822,0.0,0.741542,1.730164,0.0
baseline_neighborhood,69,247.241343,334.535161,265.493332,141.47417,76.457869,0.931253,0.0,0.739059,1.747608,0.0
baseline_neighborhood,70,249.524137,338.837503,269.331707,141.399747,77.056683,0.926457,0.0,0.736412,1.764672,0.0
baseline_neighborhood,71,251.912519,343.170403,273.213411,141.325548,77.636741,0.922036,0.0,0.734074,1.782498,0.0
baseline_neighborhood,72,254.287319,347.533468,277.138746,141.251571,78.224292,0.917545,0.0,0.731692,1.800244,0.0
baseline_neighborhood,73,256.837114,351.930077,281.108047,141.177816,78.777693,0.91366,0.0,0.729796,1.819246,0.0
baseline_neighborhood,74,259.216041,356.356677,285.121614,141.104283,79.373297,0.909142,0.0,0.727406,1.837053,0.0
baseline_neighborhood,75,261.473102,360.810712,289.179721,141.03097,80.000343,0.904189,0.0,0.724682,1.854012,0.0
baseline_neighborhood,76,263.737304,365.292216,293.282643,140.957877,80.630345,0.89926,0.0,0.72199,1.871036,0.0
baseline_neighborhood,77,265.976928,369.800585,297.430649,140.885004,81.270328,0.894249,0.0,0.719244,1.887901,0.0
baseline_neighborhood,78,268.397678,374.339337,301.624042,140.812349,81.874577,0.889842,0.0,0.71699,1.906066,0.0
baseline_neighborhood,79,270.667534,378.90533,305.863095,140.739912,82.516829,0.88493,0.0,0.714341,1.923175,0.0
baseline_neighborhood,80,272.989667,383.499502,310.14809,140.667692,83.151926,0.880191,0.0,0.711838,1.940671,8.0
baseline_neighborhood,81,275.395945,388.123423,314.479325,148.595689,83.772702,0.87572,0.0,0.709558,1.853324,0.0
baseline_neighborhood,82,277.730197,392.775533,318.85708,148.499902,84.413977,0.871018,0.0,0.707096,1.870238,0.0
baseline_neighborhood,83,280.110164,397.456634,323.281646,148.404402,85.049461,0.866459,0.0,0.704757,1.887479,0.0
baseline_neighborhood,84,282.337742,402.163562,327.753282,148.309189,85.723497,0.861434,0.0,0.702047,1.90371,0.0
baseline_neighborhood,85,284.645158,406.897811,332.27226,148.214261,86.3841,0.856662,0.0,0.699549,1.920498,0.0
baseline_neighborhood,86,287.007311,411.660366,336.838864,148.119618,87.036822,0.852061,0.0,0.697194,1.937672,0.0
baseline_neighborhood,87,289.470626,416.453137,341.453395,148.02526,87.671155,0.84776,0.0,0.695086,1.955549,0.0
baseline_neighborhood,88,292.013617,421.277597,346.116171,147.931184,88.291874,0.843687,0.0,0.693162,1.973983,0.0
baseline_neighborhood,89,294.436616,426.131219,350.827483,147.83739,88.943944,0.839263,0.0,0.690953,1.991625,0.0
baseline_neighborhood,90,296.890069,431.014496,355.587628,147.743878,89.593481,0.834928,0.0,0.688817,2.009492,0.0
baseline_neighborhood,91,299.336437,435.927166,360.3969,147.650646,90.24894,0.830574,0.0,0.686666,2.027329,0.0
baseline_neighborhood,92,301.876893,440.870996,365.25561,147.557694,90.887437,0.826481,0.0,0.684728,2.045823,0.0
baseline_neighborhood,93,304.399776,445.845507,370.164065,147.465021,91.534191,0.822337,0.0,0.682747,2.064217,0.0
baseline_neighborhood,94,306.862516,450.849375,375.122559,147.372626,92.198849,0.818033,0.0,0.680632,2.082222,0.0
baseline_neighborhood,95,309.199295,455.879964,380.131358,147.280508,92.896386,0.813401,0.0,0.678247,2.09939,0.0
baseline_neighborhood,96,311.731342,460.941071,385.190769,147.188667,93.55391,0.809291,0.0,0.676293,2.117903,0.0
baseline_neighborhood,97,314.213139,466.031569,390.301085,147.097101,94.227113,0.805053,0.0,0.674231,2.136093,0.0
baseline_neighborhood,98,316.782093,471.153085,395.462615,147.00581,94.884742,0.801042,0.0,0.672355,2.154895,0.0
baseline_neighborhood,99,319.227148,476.303016,400.675646,146.914792,95.574833,0.796722,0.0,0.670219,2.172873,0.0
baseline_neighborhood,100,321.873602,481.485276,405.940498,146.824048,96.223252,0.792908,0.0,0.668501,2.19224,8.0
strong_growth_pressure,1,100.0,112.0,90.0,120.0,45.0,1.111111,0.0,0.892857,0.833333,0.0
strong_growth_pressure,2,102.74481,114.256896,91.589236,119.99,45.174639,1.1218,0.0,0.899244,0.856278,0.0
strong_growth_pressure,3,105.373274,116.557334,93.201155,119.98003,45.381345,1.130601,0.0,0.904047,0.878257,0.0
strong_growth_pressure,4,108.032136,118.901747,94.836254,119.97009,45.58731,1.139144,0.0,0.908583,0.900492,0.0
strong_growth_pressure,5,110.708402,121.290309,96.494983,119.96018,45.795508,1.147297,0.0,0.912756,0.922876,0.0
strong_growth_pressure,6,113.212217,123.719392,98.177758,119.950299,46.046967,1.153135,0.0,0.915073,0.943826,0.0
strong_growth_pressure,7,115.645149,126.187417,99.885038,119.940448,46.319168,1.157782,0.0,0.916455,0.964188,0.0
strong_growth_pressure,8,118.125005,128.695167,101.617257,119.930627,46.586707,1.16245,0.0,0.917867,0.984944,0.0
strong_growth_pressure,9,120.754127,131.245469,103.374838,119.920835,46.828043,1.168119,0.0,0.920063,1.006949,0.0
strong_growth_pressure,10,123.451508,133.839518,105.158189,119.911072,47.060855,1.17396,0.0,0.922385,1.029526,0.0
strong_growth_pressure,11,126.041413,136.474988,106.96772,119.901339,47.322178,1.178313,0.0,0.92355,1.051209,0.0
strong_growth_pressure,12,128.470258,139.148493,108.803856,119.891635,47.622766,1.180751,0.0,0.92326,1.071553,0.0
strong_growth_pressure,13,131.166536,141.86523,110.667086,119.88196,47.873316,1.185235,0.0,0.924586,1.094131,0.0
strong_growth_pressure,14,133.548472,144.618738,112.557716,119.872314,48.194585,1.186489,0.0,0.923452,1.114089,0.0
strong_growth_pressure,15,136.03458,147.410955,114.476231,119.862698,48.499771,1.188322,0.0,0.922825,1.13492,0.0
strong_growth_pressure,16,138.503585,150.241383,116.422995,119.853109,48.813939,1.189658,0.0,0.921874,1.155611,0.0
strong_growth_pressure,17,141.046364,153.111345,118.398419,119.84355,49.118525,1.191286,0.0,0.921201,1.176921,0.0
strong_growth_pressure,18,143.664664,156.022192,120.402902,119.834019,49.413362,1.193199,0.0,0.920796,1.198864,0.0
strong_growth_pressure,19,146.013975,158.968383,122.43679,119.824517,49.768226,1.192566,0.0,0.91851,1.218565,0.0
strong_growth_pressure,20,148.475385,161.952017,124.500533,119.815044,50.105781,1.192568,0.0,0.916786,1.239205,8.0
strong_growth_pressure,21,150.993464,164.974079,126.594497,127.805599,50.437368,1.192733,0.0,0.915256,1.181431,0.0
strong_growth_pressure,22,153.411151,168.032405,128.719039,127.772182,50.794544,1.19183,0.0,0.912986,1.200662,0.0
strong_growth_pressure,23,155.931696,171.12891,130.874573,127.738865,51.136524,1.191459,0.0,0.911194,1.220707,0.0
strong_growth_pressure,24,158.474208,174.263878,133.061468,127.705649,51.479592,1.190985,0.0,0.909392,1.240933,0.0
strong_growth_pressure,25,160.858318,177.433989,135.280079,127.672532,51.859599,1.189076,0.0,0.906581,1.259929,0.0
strong_growth_pressure,26,163.24191,180.639091,137.530797,127.639514,52.245023,1.186948,0.0,0.903691,1.278929,0.0
strong_growth_pressure,27,165.747696,183.881489,139.814004,127.606596,52.611558,1.185487,0.0,0.901383,1.298896,0.0
strong_growth_pressure,28,168.23168,187.160596,142.130045,127.573776,52.987792,1.183646,0.0,0.898863,1.318701,0.0
strong_growth_pressure,29,170.756428,190.477083,144.479306,127.541055,53.361358,1.181875,0.0,0.896467,1.338835,0.0
strong_growth_pressure,30,173.475827,193.834691,146.862197,127.508431,53.702076,1.181215,0.0,0.894968,1.360505,0.0
strong_growth_pressure,31,176.056631,197.230485,149.279065,127.475906,54.075522,1.179379,0.0,0.892644,1.381097,0.0
strong_growth_pressure,32,178.587793,200.663319,151.730317,127.443478,54.464094,1.177008,0.0,0.889987,1.40131,0.0
strong_growth_pressure,33,180.999774,204.130661,154.216314,127.411148,54.881295,1.173675,0.0,0.886686,1.420596,0.0
strong_growth_pressure,34,183.57413,207.635621,156.73746,127.378915,55.272129,1.171221,0.0,0.884117,1.441166,0.0
strong_growth_pressure,35,185.973436,211.174547,159.294068,127.346778,55.702401,1.167485,0.0,0.880662,1.46037,0.0
strong_growth_pressure,36,188.606847,214.751986,161.886564,127.314737,56.09242,1.165056,0.0,0.878254,1.481422,0.0
strong_growth_pressure,37,191.197814,218.366934,164.515281,127.282793,56.496056,1.162189,0.0,0.87558,1.50215,0.0
strong_growth_pressure,38,193.466303,222.012792,167.180544,127.250945,56.967544,1.15723,0.0,0.87142,1.520353,0.0
strong_growth_pressure,39,195.819207,225.691125,169.882738,127.219192,57.427893,1.152673,0.0,0.867642,1.539227,0.0
strong_growth_pressure,40,198.270939,229.40378,172.622196,127.187534,57.874293,1.148583,0.0,0.864288,1.558887,8.0
strong_growth_pressure,41,200.700898,233.150182,175.39924,135.155972,58.330135,1.144252,0.0,0.860822,1.484958,0.0
strong_growth_pressure,42,203.110054,236.929783,178.21421,135.100504,58.795216,1.139696,0.0,0.857258,1.5034,0.0
strong_growth_pressure,43,205.523578,240.742535,181.067445,135.045202,59.264639,1.135066,0.0,0.853707,1.521887,0.0
strong_growth_pressure,44,208.132848,244.592222,183.959315,134.990067,59.7013,1.131407,0.0,0.850938,1.541838,0.0
strong_growth_pressure,45,210.6152,248.476157,186.890134,134.935097,60.167736,1.126947,0.0,0.847627,1.560863,0.0
strong_growth_pressure,46,212.998312,252.392219,189.860248,134.880291,60.658553,1.121869,0.0,0.843918,1.579166,0.0
strong_growth_pressure,47,215.508132,256.342813,192.87002,134.82565,61.129968,1.117375,0.0,0.840703,1.598421,0.0
strong_growth_pressure,48,218.143346,260.330308,195.919802,134.771173,61.582241,1.113432,0.0,0.837948,1.61862,0.0
strong_growth_pressure,49,220.848806,264.355963,199.009959,134.71686,62.026087,1.109737,0.0,0.835422,1.639355,0.0
strong_growth_pressure,50,223.390304,268.416345,202.14083,134.662709,62.506769,1.105122,0.0,0.832253,1.658888,0.0
strong_growth_pressure,51,225.894645,272.510573,205.312782,134.608721,62.999741,1.100246,0.0,0.828939,1.678158,0.0
strong_growth_pressure,52,228.35114,276.637553,208.52615,134.554895,63.507058,1.095072,0.0,0.825452,1.697085,0.0
strong_growth_pressure,53,230.837922,280.797762,211.781276,134.50123,64.013604,1.089983,0.0,0.822079,1.716251,0.0
strong_growth_pressure,54,233.431713,284.993205,215.078508,134.447727,64.504515,1.085333,0.0,0.819078,1.736227,0.0
strong_growth_pressure,55,236.097973,289.225191,218.4182,134.394384,64.986467,1.080945,0.0,0.816312,1.756755,0.0
strong_growth_pressure,56,238.762899,293.493549,221.800707,134.3412,65.47373,1.076475,0.0,0.81352,1.777287,0.0
strong_growth_pressure,57,241.278915,297.795153,225.226365,134.288177,65.994808,1.071273,0.0,0.810218,1.796725,0.0
strong_growth_pressure,58,243.909692,302.132166,228.695548,134.235312,66.498722,1.066526,0.0,0.807295,1.817031,0.0
strong_growth_pressure,59,246.528891,306.504215,232.208594,134.182606,67.00988,1.06167,0.0,0.804325,1.837264,0.0
strong_growth_pressure,60,249.117958,310.910557,235.76585,134.130058,67.53186,1.056633,0.0,0.801253,1.857287,8.0
strong_growth_pressure,61,251.417947,315.345274,239.367604,142.077668,68.114792,1.050342,0.0,0.797278,1.769581,0.0
strong_growth_pressure,62,254.035757,319.814608,243.01424,142.001435,68.641157,1.045353,0.0,0.794322,1.788966,0.0
strong_growth_pressure,63,256.633393,324.318018,246.706059,141.925431,69.176377,1.04024,0.0,0.791302,1.808227,0.0
strong_growth_pressure,64,259.394388,328.858633,250.443438,141.849655,69.684849,1.03574,0.0,0.788772,1.828657,0.0
strong_growth_pressure,65,261.994746,333.433094,254.226697,141.774106,70.229389,1.030556,0.0,0.785749,1.847973,0.0
strong_growth_pressure,66,264.671013,338.042782,258.056208,141.698783,70.764113,1.025633,0.0,0.782951,1.867843,0.0
strong_growth_pressure,67,267.330021,342.687211,261.932311,141.623687,71.30708,1.020607,0.0,0.780099,1.887608,0.0
strong_growth_pressure,68,270.091565,347.368293,265.855376,141.548816,71.835027,1.015934,0.0,0.777537,1.908116,0.0
strong_growth_pressure,69,272.803588,352.084892,269.825747,141.47417,72.377454,1.011036,0.0,0.774823,1.928293,0.0
strong_growth_pressure,70,275.543873,356.83743,273.84379,141.399747,72.919254,1.006208,0.0,0.772183,1.948687,0.0
strong_growth_pressure,71,278.332258,361.626725,277.909871,141.325548,73.456562,1.00152,0.0,0.769667,1.969441,0.0
strong_growth_pressure,72,281.067954,366.451577,282.024341,141.251571,74.008937,0.996609,0.0,0.766999,1.989839,0.0
strong_growth_pressure,73,283.785354,371.311478,286.187456,141.177816,74.569666,0.991607,0.0,0.764278,2.010127,0.0
strong_growth_pressure,74,286.396965,376.204172,290.399498,141.104283,75.15574,0.986217,0.0,0.761281,2.029683,0.0
strong_growth_pressure,75,289.044013,381.130235,294.6608,141.03097,75.739708,0.980938,0.0,0.758386,2.049507,0.0
strong_growth_pressure,76,291.896953,386.093653,298.971737,140.957877,76.288355,0.976336,0.0,0.756026,2.07081,0.0
strong_growth_pressure,77,294.534636,391.089971,303.332636,140.885004,76.883652,0.970996,0.0,0.753112,2.090603,0.0
strong_growth_pressure,78,297.219541,396.120002,307.743836,140.812349,77.474496,0.965802,0.0,0.750327,2.110749,0.0
strong_growth_pressure,79,299.845254,401.182427,312.205661,140.739912,78.081622,0.960409,0.0,0.747404,2.130492,0.0
strong_growth_pressure,80,302.449406,406.276686,316.718427,140.667692,78.6977,0.954947,0.0,0.744442,2.150099,8.0
strong_growth_pressure,81,304.783444,411.397248,321.2824,148.595689,79.371428,0.948647,0.0,0.740849,2.051092,0.0
strong_growth_pressure,82,307.672734,416.555114,325.897951,148.499902,79.941071,0.944077,0.0,0.738612,2.071872,0.0
strong_growth_pressure,83,310.27108,421.744315,330.565394,148.404402,80.572434,0.938607,0.0,0.735685,2.090713,0.0
strong_growth_pressure,84,312.905599,426.965449,335.285049,148.309189,81.201381,0.933252,0.0,0.732859,2.109819,0.0
strong_growth_pressure,85,315.759667,432.222781,340.057277,148.214261,81.791791,0.928548,0.0,0.730548,2.130427,0.0
strong_growth_pressure,86,318.241913,437.508728,344.882364,148.119618,82.46002,0.922755,0.0,0.727396,2.148547,0.0
strong_growth_pressure,87,320.964815,442.82799,349.760644,148.02526,83.085482,0.91767,0.0,0.724807,2.168311,0.0
strong_growth_pressure,88,323.629255,448.179263,354.692436,147.931184,83.727087,0.912422,0.0,0.722098,2.187701,0.0
strong_growth_pressure,89,326.166426,453.559874,359.678035,147.83739,84.398492,0.906829,0.0,0.719125,2.206251,0.0
strong_growth_pressure,90,328.951771,458.97467,364.717782,147.743878,85.025359,0.901935,0.0,0.71671,2.2265,0.0
strong_growth_pressure,91,331.598474,464.420741,369.811989,147.650646,85.684267,0.896668,0.0,0.714004,2.245832,0.0
strong_growth_pressure,92,334.313413,469.899326,374.960982,147.557694,86.334194,0.891595,0.0,0.711458,2.265645,0.0
strong_growth_pressure,93,336.996658,475.409662,380.165079,147.465021,86.994963,0.886448,0.0,0.708855,2.285265,0.0
strong_growth_pressure,94,339.788102,480.953785,385.424617,147.372626,87.638709,0.881594,0.0,0.706488,2.305639,0.0
strong_growth_pressure,95,342.741918,486.534809,390.739965,147.280508,88.254568,0.877161,0.0,0.704455,2.327137,0.0
strong_growth_pressure,96,345.343167,492.145533,396.11142,147.188667,88.945211,0.871833,0.0,0.701709,2.346262,0.0
strong_growth_pressure,97,348.157976,497.79011,401.539321,147.097101,89.597719,0.867058,0.0,0.699407,2.366858,0.0
strong_growth_pressure,98,350.818433,503.465318,407.023975,147.00581,90.285566,0.861911,0.0,0.696808,2.386426,0.0
strong_growth_pressure,99,353.51435,509.171744,412.565692,146.914792,90.970813,0.856868,0.0,0.694293,2.406254,0.0
strong_growth_pressure,100,356.058459,514.906226,418.164754,146.824048,91.691042,0.851479,0.0,0.691502,2.425069,8.0
housing_constraint,1,100.0,106.0,90.0,120.0,45.0,1.111111,0.0,0.943396,0.833333,0.0
housing_constraint,2,101.940058,107.864801,91.525315,119.99,45.323011,1.113791,0.0,0.945073,0.849571,0.0
housing_constraint,3,104.0584,109.76451,93.069546,119.98003,45.60927,1.118071,0.0,0.948015,0.867298,0.0
housing_constraint,4,106.152681,111.698506,94.632989,119.97009,45.904321,1.12173,0.0,0.95035,0.884826,0.0
housing_constraint,5,108.163219,113.664976,96.215987,119.96018,46.221416,1.124171,0.0,0.951597,0.901659,0.0
housing_constraint,6,110.230564,115.664927,97.818911,119.950299,46.529348,1.126884,0.0,0.953016,0.918969,0.0
housing_constraint,7,112.323237,117.698732,99.442092,119.940448,46.835237,1.129534,0.0,0.954328,0.936492,0.0
housing_constraint,8,114.406885,119.766075,101.085866,119.930627,47.146745,1.131779,0.0,0.955253,0.953942,0.0
housing_constraint,9,116.495055,121.866912,102.750582,119.920835,47.460937,1.133765,0.0,0.95592,0.971433,0.0
housing_constraint,10,118.646513,124.002374,104.436593,119.911072,47.765039,1.136063,0.0,0.956808,0.989454,0.0
housing_constraint,11,120.836865,126.173102,106.144242,119.901339,48.064549,1.138421,0.0,0.957707,1.007802,0.0
housing_constraint,12,123.08034,128.380017,107.87389,119.891635,48.35652,1.140965,0.0,0.958719,1.026597,0.0
housing_constraint,13,125.151913,130.619535,109.625856,119.88196,48.689729,1.141628,0.0,0.958141,1.04396,0.0
housing_constraint,14,127.154991,132.890157,111.400509,119.872314,49.041629,1.141422,0.0,0.956843,1.060754,0.0
housing_constraint,15,129.298543,135.194567,113.198212,119.862698,49.367174,1.142231,0.0,0.956389,1.078722,0.0
housing_constraint,16,131.333831,137.530465,115.01925,119.853109,49.72003,1.141842,0.0,0.954944,1.09579,0.0
housing_constraint,17,133.314613,139.896636,116.863961,119.84355,50.088573,1.140768,0.0,0.952951,1.112405,0.0
housing_constraint,18,135.547578,142.298001,118.732718,119.834019,50.407106,1.141619,0.0,0.952561,1.131128,0.0
housing_constraint,19,137.687854,144.732566,120.625795,119.824517,50.749667,1.141446,0.0,0.951326,1.149079,0.0
housing_constraint,20,139.701779,147.197671,122.543528,119.815044,51.123329,1.140018,0.0,0.949076,1.165979,8.0
housing_constraint,21,141.716734,149.693215,124.48626,127.805599,51.500886,1.138413,0.0,0.946714,1.108846,0.0
housing_constraint,22,143.854465,152.221531,126.454323,127.772182,51.856472,1.1376,0.0,0.945034,1.125867,0.0
housing_constraint,23,145.967596,154.781997,128.448015,127.738865,52.221519,1.136394,0.0,0.943053,1.142703,0.0
housing_constraint,24,148.105243,157.374974,130.467672,127.705649,52.585617,1.135187,0.0,0.941098,1.159739,0.0
housing_constraint,25,150.181736,159.999109,132.513608,127.672532,52.966939,1.133331,0.0,0.938641,1.176304,0.0
housing_constraint,26,152.082283,162.650758,134.586116,127.639514,53.389756,1.13,0.0,0.935024,1.191498,0.0
housing_constraint,27,153.98339,165.329823,136.685514,127.606596,53.816714,1.126552,0.0,0.931371,1.206704,0.0
housing_constraint,28,156.169588,168.041895,138.812136,127.573776,54.187594,1.125043,0.0,0.929349,1.224151,0.0
housing_constraint,29,158.278231,170.785292,140.966238,127.541055,54.579218,1.12281,0.0,0.926767,1.240998,0.0
housing_constraint,30,160.143221,173.555016,143.148104,127.508431,55.026652,1.118724,0.0,0.922723,1.255942,0.0
housing_constraint,31,162.263292,176.356061,145.358103,127.475906,55.424494,1.1163,0.0,0.920089,1.272894,0.0
housing_constraint,32,164.379599,179.188229,147.596496,127.443478,55.827491,1.113709,0.0,0.917357,1.289824,0.0
housing_constraint,33,166.537563,182.052227,149.863607,127.411148,56.226074,1.111261,0.0,0.914779,1.307088,0.0
housing_constraint,34,168.622991,184.946478,152.159734,127.378915,56.644345,1.108197,0.0,0.911739,1.32379,0.0
housing_constraint,35,170.739735,187.871487,154.485203,127.346778,57.06041,1.105217,0.0,0.908811,1.340746,0.0
housing_constraint,36,172.739438,190.82479,156.840294,127.314737,57.505543,1.101372,0.0,0.905225,1.356791,0.0
housing_constraint,37,174.662216,193.804735,159.2253,127.282793,57.971316,1.09695,0.0,0.901228,1.372237,0.0
housing_constraint,38,176.725732,196.814031,161.640532,127.250945,58.411818,1.093326,0.0,0.897933,1.388797,0.0
housing_constraint,39,178.826598,199.853307,164.086265,127.219192,58.848857,1.089833,0.0,0.894789,1.405657,0.0
housing_constraint,40,180.880152,202.921496,166.562785,127.187534,59.300304,1.085958,0.0,0.89138,1.422153,8.0
housing_constraint,41,182.813021,206.016071,169.070367,135.155972,59.781677,1.081284,0.0,0.887373,1.352608,0.0
housing_constraint,42,184.917075,209.140348,171.609332,135.100504,60.231326,1.077547,0.0,0.884177,1.368737,0.0
housing_constraint,43,187.000229,212.293791,174.179944,135.045202,60.689828,1.073604,0.0,0.880856,1.384723,0.0
housing_constraint,44,189.227074,215.479158,176.782527,134.990067,61.122399,1.070395,0.0,0.878169,1.401785,0.0
housing_constraint,45,191.262234,218.692486,179.41734,134.935097,61.599933,1.066019,0.0,0.874572,1.417439,0.0
housing_constraint,46,193.318502,221.934086,182.084701,134.880291,62.077469,1.061695,0.0,0.871063,1.43326,0.0
housing_constraint,47,195.416077,225.204671,184.784897,134.82565,62.550725,1.057533,0.0,0.867727,1.449398,0.0
housing_constraint,48,197.594409,228.50574,187.518228,134.771173,63.011341,1.053734,0.0,0.864724,1.466147,0.0
housing_constraint,49,199.872232,231.839162,190.285008,134.71686,63.455361,1.050384,0.0,0.862116,1.483647,0.0
housing_constraint,50,202.082051,235.203446,193.08553,134.662709,63.91824,1.046593,0.0,0.85918,1.500653,0.0
housing_constraint,51,204.105703,238.594747,195.92008,134.608721,64.424994,1.04178,0.0,0.855449,1.516289,0.0
housing_constraint,52,206.17436,242.013855,198.788965,134.554895,64.926719,1.037152,0.0,0.851911,1.532269,0.0
housing_constraint,53,208.50385,245.465877,201.692509,134.50123,65.377631,1.033771,0.0,0.849421,1.5502,0.0
housing_constraint,54,210.696836,248.94795,204.630976,134.447727,65.861944,1.029643,0.0,0.846349,1.567128,0.0
housing_constraint,55,212.850682,252.459172,207.604678,134.394384,66.35903,1.025269,0.0,0.843109,1.583777,0.0
housing_constraint,56,215.071612,256.000767,210.613928,134.3412,66.846368,1.021165,0.0,0.840121,1.600936,0.0
housing_constraint,57,217.314716,259.573058,213.659024,134.288177,67.333475,1.01711,0.0,0.837201,1.618271,0.0
housing_constraint,58,219.666897,263.178104,216.740291,134.235312,67.801919,1.013503,0.0,0.83467,1.636432,0.0
housing_constraint,59,221.868214,266.812756,219.858014,134.182606,68.306842,1.009143,0.0,0.83155,1.65348,0.0
housing_constraint,60,223.981199,270.475129,223.012491,134.130058,68.83501,1.004344,0.0,0.828103,1.669881,8.0
housing_constraint,61,226.073905,274.164706,226.204007,142.077668,69.372006,0.999425,0.0,0.824592,1.591199,0.0
housing_constraint,62,228.430576,277.886659,229.432874,142.001435,69.857343,0.995631,0.0,0.822028,1.60865,0.0
housing_constraint,63,230.68904,281.638893,232.699263,141.925431,70.368,0.991361,0.0,0.819095,1.625424,0.0
housing_constraint,64,232.96582,285.421654,236.00348,141.849655,70.879191,0.987129,0.0,0.816216,1.642343,0.0
housing_constraint,65,235.273229,289.235432,239.345834,141.774106,71.388293,0.982984,0.0,0.813432,1.659494,0.0
housing_constraint,66,237.431669,293.077124,242.726605,141.698783,71.933558,0.978186,0.0,0.810134,1.675608,0.0
housing_constraint,67,239.854623,296.951908,246.146124,141.623687,72.426887,0.97444,0.0,0.807722,1.693605,0.0
housing_constraint,68,242.087777,300.855856,249.604683,141.548816,72.965098,0.969885,0.0,0.804664,1.710278,0.0
housing_constraint,69,244.327156,304.788975,253.102572,141.47417,73.506422,0.965329,0.0,0.801627,1.727009,0.0
housing_constraint,70,246.56021,308.751024,256.640083,141.399747,74.053534,0.960724,0.0,0.798573,1.74371,0.0
housing_constraint,71,248.83542,312.742728,260.21751,141.325548,74.596069,0.956259,0.0,0.795655,1.760725,0.0
housing_constraint,72,251.061699,316.762991,263.83514,141.251571,75.153496,0.951586,0.0,0.792585,1.777408,0.0
housing_constraint,73,253.289836,320.811736,267.493257,141.177816,75.71496,0.946902,0.0,0.789528,1.794119,0.0
housing_constraint,74,255.616269,324.890814,271.192165,141.104283,76.259775,0.942565,0.0,0.786776,1.811542,0.0
housing_constraint,75,258.010922,329.001469,274.93218,141.03097,76.794356,0.938453,0.0,0.784224,1.829463,0.0
housing_constraint,76,260.346819,333.1424,278.713604,140.957877,77.345932,0.934102,0.0,0.781488,1.846983,0.0
housing_constraint,77,262.492361,337.309678,282.536701,140.885004,77.942801,0.929056,0.0,0.778194,1.863168,0.0
housing_constraint,78,264.720534,341.504849,286.401749,140.812349,78.526357,0.924298,0.0,0.775159,1.879953,0.0
housing_constraint,79,267.127845,345.731387,290.309063,140.739912,79.075741,0.92015,0.0,0.772646,1.898025,0.0
housing_constraint,80,269.394797,349.986357,294.258927,140.667692,79.659738,0.915503,0.0,0.769729,1.915115,8.0
housing_constraint,81,271.676184,354.269936,298.251626,148.595689,80.24502,0.910896,0.0,0.766862,1.828291,0.0
housing_constraint,82,273.997277,358.582801,302.287454,148.499902,80.826111,0.906413,0.0,0.764112,1.845101,0.0
housing_constraint,83,276.493621,362.928343,306.366738,148.404402,81.373686,0.902492,0.0,0.761841,1.863109,0.0
housing_constraint,84,278.79302,367.30249,310.489763,148.309189,81.968185,0.897914,0.0,0.759028,1.879809,0.0
housing_constraint,85,281.093382,371.705147,314.656814,148.214261,82.566853,0.893333,0.0,0.756227,1.896534,0.0
housing_constraint,86,283.543936,376.139205,318.868206,148.119618,83.137335,0.88922,0.0,0.753827,1.91429,0.0
housing_constraint,87,285.734689,380.599342,323.124199,148.02526,83.768509,0.884287,0.0,0.750749,1.93031,0.0
housing_constraint,88,288.040569,385.087756,327.425077,147.931184,84.379084,0.879714,0.0,0.747987,1.947125,0.0
housing_constraint,89,290.645616,389.610318,331.77118,147.83739,84.92894,0.876042,0.0,0.745991,1.965982,0.0
housing_constraint,90,292.996744,394.161811,336.162798,147.743878,85.538316,0.871592,0.0,0.743341,1.98314,0.0
housing_constraint,91,295.389112,398.742946,340.600228,147.650646,86.143047,0.86726,0.0,0.740801,2.000595,0.0
housing_constraint,92,297.546981,403.348914,345.083717,147.557694,86.803254,0.862246,0.0,0.737691,2.016479,0.0
housing_constraint,93,299.89288,407.983376,349.613551,147.465021,87.426801,0.857784,0.0,0.735062,2.033654,0.0
housing_constraint,94,302.154435,412.644531,354.189996,147.372626,88.073129,0.853086,0.0,0.732239,2.050275,0.0
housing_constraint,95,304.447196,417.332897,358.813325,147.280508,88.716977,0.848484,0.0,0.729507,2.067125,0.0
housing_constraint,96,306.734986,422.048265,363.483808,147.188667,89.366251,0.843875,0.0,0.726777,2.083958,0.0
housing_constraint,97,309.113604,426.792344,368.201731,147.097101,89.999875,0.839522,0.0,0.724272,2.101426,0.0
housing_constraint,98,311.456739,431.56431,372.967374,147.00581,90.645586,0.835078,0.0,0.721693,2.11867,0.0
housing_constraint,99,313.930435,436.366661,377.781041,146.914792,91.266795,0.830985,0.0,0.719419,2.13682,0.0
housing_constraint,100,316.080054,441.192796,382.642969,146.824048,91.963786,0.826044,0.0,0.716422,2.152781,8.0
transport_investment,1,100.0,112.0,90.0,120.0,45.0,1.111111,0.0,0.892857,0.833333,0.0
transport_investment,2,102.029095,114.242582,92.289092,120.49,45.68109,1.105538,0.0,0.893092,0.846785,0.0
transport_investment,3,104.208048,116.519773,94.601124,120.97853,46.325855,1.101552,0.0,0.894338,0.861376,0.0
transport_investment,4,106.368999,118.831073,96.936388,121.465594,46.97236,1.097307,0.0,0.895128,0.875713,0.0
transport_investment,5,108.513191,121.176013,99.295229,121.951198,47.620598,1.092834,0.0,0.895501,0.889808,0.0
transport_investment,6,110.64388,123.554186,101.677986,122.435344,48.270088,1.088179,0.0,0.895509,0.903692,0.0
transport_investment,7,112.785742,125.965685,104.084997,122.918038,48.9154,1.083593,0.0,0.895369,0.917569,0.0
transport_investment,8,114.928377,128.410389,106.516594,123.399284,49.559111,1.078972,0.0,0.895008,0.931354,0.0
transport_investment,9,117.148358,130.889715,108.973122,123.879086,50.183719,1.075021,0.0,0.895016,0.945667,0.0
transport_investment,10,119.27466,133.401649,111.454887,124.357449,50.828895,1.070161,0.0,0.894102,0.959128,0.0
transport_investment,11,121.633721,135.950717,113.96229,124.834376,51.419202,1.067316,0.0,0.89469,0.974361,0.0
transport_investment,12,123.991747,138.536749,116.495638,125.309873,52.008897,1.064347,0.0,0.89501,0.989481,0.0
transport_investment,13,126.259923,141.157801,119.055285,125.783944,52.618813,1.060515,0.0,0.894459,1.003784,0.0
transport_investment,14,128.628533,143.81574,121.641627,126.256592,53.20492,1.057438,0.0,0.894398,1.018787,0.0
transport_investment,15,131.017944,146.510836,124.255013,126.727822,53.785871,1.054428,0.0,0.894254,1.033853,0.0
transport_investment,16,133.272922,149.240251,126.895782,127.197639,54.397991,1.050255,0.0,0.893009,1.047763,0.0
transport_investment,17,135.472011,152.00273,129.564302,127.666046,55.023228,1.045597,0.0,0.891247,1.061144,0.0
transport_investment,18,137.839692,154.801513,132.260949,128.133048,55.609284,1.04218,0.0,0.890429,1.075754,0.0
transport_investment,19,139.991267,157.632133,134.986005,128.598648,56.246216,1.03708,0.0,0.888088,1.08859,0.0
transport_investment,20,142.37289,160.499062,137.739883,129.062852,56.82974,1.033636,0.0,0.887064,1.103128,10.0
transport_investment,21,144.715209,163.40137,140.522888,139.525664,57.42303,1.029834,0.0,0.885643,1.037194,0.0
transport_investment,22,147.003999,166.337844,143.335371,139.957087,58.029575,1.025595,0.0,0.883768,1.050351,0.0
transport_investment,23,149.154152,169.305576,146.177659,140.387216,58.669566,1.020362,0.0,0.880976,1.062448,0.0
transport_investment,24,151.565353,172.309661,149.050145,140.816054,59.249075,1.016875,0.0,0.87961,1.076336,0.0
transport_investment,25,154.013935,175.350701,151.953146,141.243606,59.820791,1.013562,0.0,0.878319,1.090414,0.0
transport_investment,26,156.44098,178.428118,154.88702,141.669875,60.398701,1.010033,0.0,0.876773,1.104264,0.0
transport_investment,27,158.580412,181.536013,157.852079,142.094865,61.045645,1.004614,0.0,0.873548,1.116018,0.0
transport_investment,28,161.019445,184.680258,160.848743,142.518581,61.62328,1.001061,0.0,0.871882,1.129814,0.0
transport_investment,29,163.452467,187.860587,163.877317,142.941025,62.203751,0.997408,0.0,0.870073,1.143496,0.0
transport_investment,30,165.866389,191.076472,166.938082,143.362202,62.790217,0.99358,0.0,0.868063,1.156974,0.0
transport_investment,31,168.196239,194.326091,170.031343,143.782115,63.398109,0.989207,0.0,0.865536,1.169799,0.0
transport_investment,32,170.46338,197.608054,173.157424,144.200769,64.022502,0.984442,0.0,0.862634,1.182125,0.0
transport_investment,33,173.024439,200.928111,176.316705,144.618167,64.579092,0.981328,0.0,0.861126,1.196423,0.0
transport_investment,34,175.45077,204.283414,179.509539,145.034312,65.169373,0.97739,0.0,0.85886,1.209719,0.0
transport_investment,35,177.738108,207.671042,182.736249,145.449209,65.794446,0.972648,0.0,0.855864,1.221994,0.0
transport_investment,36,180.287379,211.096106,185.99721,145.862862,66.359467,0.969302,0.0,0.854054,1.236006,0.0
transport_investment,37,182.610413,214.553929,189.29275,146.275273,66.980104,0.964698,0.0,0.851117,1.248402,0.0
transport_investment,38,185.11187,218.047951,192.623229,146.686447,67.560579,0.961005,0.0,0.84895,1.261956,0.0
transport_investment,39,187.430556,221.57437,195.988973,147.096388,68.186548,0.956332,0.0,0.845904,1.274202,0.0
transport_investment,40,189.859021,225.135253,199.390325,147.505099,68.788725,0.952198,0.0,0.843311,1.287135,10.0
transport_investment,41,192.301993,228.730752,202.827633,157.912583,69.389754,0.948105,0.0,0.840735,1.217775,0.0
transport_investment,42,195.012351,232.366076,206.301294,158.288846,69.929714,0.945279,0.0,0.839246,1.232003,0.0
transport_investment,43,197.420737,236.035027,209.811644,158.663979,70.543717,0.940943,0.0,0.836404,1.244269,0.0
transport_investment,44,199.869584,239.738278,213.359027,159.037987,71.150606,0.936776,0.0,0.833699,1.256741,0.0
transport_investment,45,202.519742,243.47972,216.943824,159.410873,71.712287,0.933512,0.0,0.831773,1.270426,0.0
transport_investment,46,205.177341,247.259348,220.566417,159.782641,72.274834,0.930229,0.0,0.829806,1.284103,0.0
transport_investment,47,207.733556,251.074982,224.227167,160.153293,72.864061,0.926442,0.0,0.827377,1.297092,0.0
transport_investment,48,210.222016,254.925122,227.926418,160.522833,73.472032,0.922324,0.0,0.824642,1.309608,0.0
transport_investment,49,212.716738,258.809756,231.664516,160.891264,74.081265,0.91821,0.0,0.821904,1.322115,0.0
transport_investment,50,215.111711,262.726751,235.441783,161.258591,74.716926,0.913651,0.0,0.818766,1.333955,0.0
transport_investment,51,217.773275,266.68131,239.258597,161.624815,75.292234,0.9102,0.0,0.816605,1.3474,0.0
transport_investment,52,220.409713,270.672779,243.115324,161.98994,75.87639,0.906606,0.0,0.814303,1.360638,0.0
transport_investment,53,223.06818,274.701451,247.012339,162.353971,76.458269,0.903065,0.0,0.812039,1.373962,0.0
transport_investment,54,225.728449,278.767215,250.950011,162.716909,77.042706,0.899496,0.0,0.809738,1.387246,0.0
transport_investment,55,228.35922,282.86933,254.928704,163.078758,77.637139,0.895777,0.0,0.807296,1.4003,0.0
transport_investment,56,231.045344,287.00876,258.948792,163.439522,78.221548,0.892243,0.0,0.805011,1.413644,0.0
transport_investment,57,233.540904,291.181543,263.010607,163.799203,78.854079,0.887952,0.0,0.802046,1.425776,0.0
transport_investment,58,236.329537,295.393407,267.114541,164.157805,79.420483,0.88475,0.0,0.80005,1.439648,0.0
transport_investment,59,238.962642,299.641086,271.260952,164.515332,80.026799,0.880933,0.0,0.797496,1.452525,0.0
transport_investment,60,241.498608,303.922494,275.450177,164.871786,80.659239,0.876742,0.0,0.794606,1.464766,10.0
transport_investment,61,244.004757,308.236899,279.682546,175.227171,81.301942,0.872435,0.0,0.791614,1.392505,0.0
transport_investment,62,246.657526,312.587102,283.958417,175.551489,81.913242,0.86864,0.0,0.789084,1.405044,0.0
transport_investment,63,249.417805,316.97511,288.278168,175.874835,82.502427,0.865198,0.0,0.786869,1.418155,0.0
transport_investment,64,252.15727,321.400355,292.642172,176.19721,83.099853,0.861657,0.0,0.784558,1.431108,0.0
transport_investment,65,254.971418,325.864182,297.050814,176.518619,83.683023,0.858343,0.0,0.782447,1.444445,0.0
transport_investment,66,257.891232,330.36855,301.504499,176.839063,84.244729,0.855348,0.0,0.780617,1.458339,0.0
transport_investment,67,260.659088,334.910257,306.003602,177.158546,84.845665,0.851817,0.0,0.778295,1.471332,0.0
transport_investment,68,263.4692,339.49,310.548502,177.47707,85.440115,0.8484,0.0,0.776074,1.484525,0.0
transport_investment,69,266.256014,344.107161,315.139573,177.794639,86.043522,0.844883,0.0,0.773759,1.497548,0.0
transport_investment,70,268.879002,348.758312,319.777157,178.111255,86.688902,0.840832,0.0,0.770961,1.509613,0.0
transport_investment,71,271.54893,353.444257,324.461599,178.426921,87.326748,0.836922,0.0,0.768294,1.521906,0.0
transport_investment,72,274.249235,358.165465,329.193254,178.74164,87.960969,0.833095,0.0,0.765705,1.534333,0.0
transport_investment,73,277.080154,362.924406,333.972498,179.055415,88.568039,0.82965,0.0,0.763465,1.547455,0.0
transport_investment,74,279.68223,367.716353,338.799661,179.368249,89.232425,0.825509,0.0,0.760592,1.559263,0.0
transport_investment,75,282.653142,372.548551,343.675147,179.680144,89.813753,0.822443,0.0,0.758701,1.573091,0.0
transport_investment,76,285.319069,377.414738,348.599294,179.991104,90.470294,0.818473,0.0,0.755983,1.585184,0.0
transport_investment,77,287.970053,382.31448,353.572439,180.301131,91.133951,0.814458,0.0,0.753228,1.597162,0.0
transport_investment,78,290.662775,387.248478,358.594924,180.610227,91.791424,0.81056,0.0,0.750585,1.609337,0.0
transport_investment,79,293.322624,392.215936,363.667083,180.918396,92.460251,0.806569,0.0,0.74786,1.621298,0.0
transport_investment,80,296.101824,397.219109,368.789274,181.225641,93.104664,0.802902,0.0,0.745437,1.633885,10.0
transport_investment,81,298.891352,402.258059,373.961855,191.531964,93.750304,0.799256,0.0,0.743034,1.56053,0.0
transport_investment,82,301.919129,407.33741,379.185229,191.807368,94.343663,0.796231,0.0,0.741202,1.574075,0.0
transport_investment,83,304.72536,412.452567,384.459755,192.081946,94.992751,0.792607,0.0,0.738813,1.586434,0.0
transport_investment,84,307.687346,417.606504,389.78582,192.355701,95.609006,0.789375,0.0,0.736788,1.599575,0.0
transport_investment,85,310.617842,422.798435,395.163804,192.628633,96.236394,0.786048,0.0,0.734671,1.612522,0.0
transport_investment,86,313.522608,428.027693,400.594081,192.900748,96.873562,0.782644,0.0,0.732482,1.625305,0.0
transport_investment,87,316.179713,433.289177,406.076973,193.172045,97.572505,0.77862,0.0,0.72972,1.636778,0.0
transport_investment,88,319.100458,438.588029,411.612853,193.442529,98.213411,0.775244,0.0,0.727563,1.649588,0.0
transport_investment,89,321.998923,443.923656,417.20209,193.712202,98.863307,0.771806,0.0,0.725348,1.662254,0.0
transport_investment,90,324.776339,449.293488,422.845024,193.981065,99.545334,0.768074,0.0,0.72286,1.674268,0.0
transport_investment,91,327.751897,454.701352,428.542038,194.249122,100.184719,0.764807,0.0,0.720807,1.687276,0.0
transport_investment,92,330.781631,460.148179,434.29352,194.516374,100.815236,0.761655,0.0,0.718859,1.700534,0.0
transport_investment,93,333.75912,465.632769,440.099847,194.782825,101.461808,0.758371,0.0,0.716786,1.713494,0.0
transport_investment,94,336.668823,471.153614,445.961384,195.048477,102.128057,0.754928,0.0,0.714563,1.726078,0.0
transport_investment,95,339.472895,476.708457,451.878468,195.313331,102.82283,0.751248,0.0,0.712118,1.738094,0.0
transport_investment,96,342.450954,482.300643,457.851475,195.577391,103.480729,0.747952,0.0,0.710036,1.750974,0.0
transport_investment,97,345.29646,487.927369,463.880748,195.840659,104.173464,0.744365,0.0,0.70768,1.76315,0.0
transport_investment,98,348.278944,493.591239,469.966661,196.103137,104.837996,0.741072,0.0,0.705602,1.775999,0.0
transport_investment,99,351.133462,499.289543,476.109556,196.364828,105.536298,0.737506,0.0,0.703266,1.788169,0.0
transport_investment,100,354.000772,505.0224,482.30978,196.625733,106.235454,0.73397,0.0,0.700961,1.800379,10.0
congestion_sensitive,1,100.0,112.0,90.0,120.0,45.0,1.111111,0.0,0.892857,0.833333,0.0
congestion_sensitive,2,102.07768,114.243554,91.589102,119.99,45.32371,1.114518,0.0,0.893509,0.850718,0.0
congestion_sensitive,3,104.016523,116.51691,93.200836,119.98003,45.682984,1.116047,0.0,0.892716,0.866949,0.0
congestion_sensitive,4,105.858842,118.818019,94.835535,119.97009,46.068235,1.116236,0.0,0.890933,0.882377,0.0
congestion_sensitive,5,107.77323,121.148212,96.49353,119.96018,46.441753,1.116896,0.0,0.889598,0.898408,0.0
congestion_sensitive,6,109.816328,123.509945,98.175122,119.950299,46.790983,1.118576,0.0,0.889129,0.915515,0.0
congestion_sensitive,7,111.968656,125.905279,99.880618,119.940448,47.120466,1.121025,0.0,0.889309,0.933535,0.0
congestion_sensitive,8,113.796707,128.327592,101.610263,119.930627,47.52658,1.119933,0.0,0.886767,0.948854,0.0
congestion_sensitive,9,115.723138,130.778744,103.364452,119.920835,47.91533,1.119564,0.0,0.884877,0.964996,0.0
congestion_sensitive,10,117.81763,133.261982,105.143485,119.911072,48.271338,1.120541,0.0,0.884105,0.982542,0.0
congestion_sensitive,11,119.889701,135.776728,106.947636,119.901339,48.636946,1.121013,0.0,0.882992,0.999903,0.0
congestion_sensitive,12,121.882375,138.321268,108.777218,119.891635,49.024723,1.120477,0.0,0.881154,1.016604,0.0
congestion_sensitive,13,124.114704,140.900277,110.632607,119.88196,49.364279,1.121864,0.0,0.880869,1.035308,0.0
congestion_sensitive,14,126.193529,143.510547,112.514057,119.872314,49.742385,1.12158,0.0,0.879333,1.052733,0.0
congestion_sensitive,15,128.187331,146.150251,114.421912,119.862698,50.143849,1.120304,0.0,0.877093,1.069451,0.0
congestion_sensitive,16,130.325408,148.822158,116.356524,119.853109,50.518319,1.120052,0.0,0.875712,1.087376,0.0
congestion_sensitive,17,132.286056,151.522591,118.318148,119.84355,50.936397,1.118054,0.0,0.873045,1.103823,0.0
congestion_sensitive,18,134.528398,154.257068,120.307177,119.834019,51.297488,1.118208,0.0,0.872105,1.122623,0.0
congestion_sensitive,19,136.482557,157.019691,122.323828,119.824517,51.726364,1.115748,0.0,0.869207,1.13902,0.0
congestion_sensitive,20,138.703765,159.815688,124.368513,119.815044,52.101613,1.115264,0.0,0.867898,1.157649,8.0
congestion_sensitive,21,140.836903,162.643163,126.441486,127.805599,52.500877,1.11385,0.0,0.865926,1.101962,0.0
congestion_sensitive,22,142.834966,165.49929,128.543064,127.772182,52.934331,1.111184,0.0,0.863055,1.117888,0.0
congestion_sensitive,23,144.893799,168.385169,130.67358,127.738865,53.359285,1.108822,0.0,0.86049,1.134297,0.0
congestion_sensitive,24,146.900692,171.299642,132.833312,127.705649,53.800299,1.105903,0.0,0.857566,1.150307,0.0
congestion_sensitive,25,148.950022,174.243444,135.022569,127.672532,54.236817,1.103149,0.0,0.854839,1.166657,0.0
congestion_sensitive,26,150.985004,177.21617,137.241636,127.639514,54.68121,1.10014,0.0,0.851982,1.182902,0.0
congestion_sensitive,27,152.891021,180.215126,139.490783,127.606596,55.158456,1.096065,0.0,0.848381,1.198144,0.0
congestion_sensitive,28,154.976373,183.243793,141.770339,127.573776,55.601363,1.093151,0.0,0.845739,1.214798,0.0
congestion_sensitive,29,157.046749,186.301753,144.080562,127.541055,56.052279,1.089993,0.0,0.84297,1.231343,0.0
congestion_sensitive,30,158.893717,189.38442,146.421707,127.508431,56.556686,1.085179,0.0,0.839001,1.246143,0.0
congestion_sensitive,31,160.907475,192.495032,148.794102,127.475906,57.029451,1.08141,0.0,0.835905,1.262258,0.0
congestion_sensitive,32,162.918113,195.633414,151.197993,127.443478,57.507637,1.077515,0.0,0.832772,1.278356,0.0
congestion_sensitive,33,164.980556,198.800491,153.633673,127.411148,57.979225,1.073857,0.0,0.82988,1.294868,0.0
congestion_sensitive,34,166.969536,201.99468,156.101404,127.378915,58.471617,1.069622,0.0,0.826604,1.31081,0.0
congestion_sensitive,35,169.009885,205.216899,158.601484,127.346778,58.957493,1.065626,0.0,0.823567,1.327163,0.0
congestion_sensitive,36,170.913934,208.46431,161.134159,127.314737,59.477988,1.060693,0.0,0.819871,1.342452,0.0
congestion_sensitive,37,173.096345,211.74238,163.699762,127.282793,59.942128,1.057401,0.0,0.817486,1.359935,0.0
congestion_sensitive,38,175.133868,215.048088,166.29852,127.250945,60.442766,1.053129,0.0,0.814394,1.376287,0.0
congestion_sensitive,39,177.212724,218.38215,168.930748,127.219192,60.939031,1.049026,0.0,0.81148,1.392972,0.0
congestion_sensitive,40,179.221303,221.743047,171.596708,127.187534,61.45545,1.044433,0.0,0.808239,1.409111,8.0
congestion_sensitive,41,181.152348,225.129122,174.296666,135.155972,61.993672,1.039333,0.0,0.80466,1.340321,0.0
congestion_sensitive,42,183.300379,228.544613,177.030932,135.100504,62.488773,1.035414,0.0,0.802033,1.356771,0.0
congestion_sensitive,43,185.439069,231.989216,179.799762,135.045202,62.990593,1.031364,0.0,0.799343,1.373163,0.0
congestion_sensitive,44,187.404342,235.459346,182.603414,134.990067,63.535371,1.026292,0.0,0.79591,1.388282,0.0
congestion_sensitive,45,189.391543,238.955339,185.442179,134.935097,64.080027,1.021297,0.0,0.792581,1.403575,0.0
congestion_sensitive,46,191.464313,242.478804,188.316328,134.880291,64.610424,1.016716,0.0,0.789613,1.419513,0.0
congestion_sensitive,47,193.520141,246.029292,191.22612,134.82565,65.149233,1.011996,0.0,0.786574,1.435336,0.0
congestion_sensitive,48,195.598242,249.60714,194.171831,134.771173,65.687749,1.007346,0.0,0.783624,1.451336,0.0
congestion_sensitive,49,197.735082,253.213413,197.153745,134.71686,66.217842,1.002949,0.0,0.780903,1.467783,0.0
congestion_sensitive,50,199.73351,256.845229,200.172109,134.662709,66.78336,0.997809,0.0,0.777642,1.483213,0.0
congestion_sensitive,51,201.784587,260.50354,203.227144,134.608721,67.34179,0.992902,0.0,0.774594,1.499045,0.0
congestion_sensitive,52,203.86713,264.188868,206.319033,134.554895,67.897779,0.988116,0.0,0.771672,1.515122,0.0
congestion_sensitive,53,205.813959,267.898392,209.448017,134.50123,68.488704,0.982649,0.0,0.768254,1.530201,0.0
congestion_sensitive,54,207.833965,271.633478,212.614351,134.447727,69.067866,0.977516,0.0,0.765126,1.545835,0.0
congestion_sensitive,55,209.872944,275.394403,215.818295,134.394384,69.647351,0.972452,0.0,0.762081,1.56162,0.0
congestion_sensitive,56,211.90247,279.180875,219.060104,134.3412,70.233527,0.967326,0.0,0.759015,1.577345,0.0
congestion_sensitive,57,213.953845,282.993228,222.340037,134.288177,70.819339,0.962282,0.0,0.756039,1.593244,0.0
congestion_sensitive,58,216.170225,286.83466,225.658383,134.235312,71.372433,0.957953,0.0,0.753641,1.610383,0.0
congestion_sensitive,59,218.337784,290.704077,229.015424,134.182606,71.941012,0.953376,0.0,0.751065,1.627169,0.0
congestion_sensitive,60,220.384981,294.59896,232.411413,134.130058,72.541295,0.948254,0.0,0.748085,1.643069,8.0
congestion_sensitive,61,222.430264,298.519169,235.846605,142.077668,73.146547,0.943114,0.0,0.745112,1.565554,0.0
congestion_sensitive,62,224.556943,302.466232,239.321267,142.001435,73.737836,0.938308,0.0,0.74242,1.581371,0.0
congestion_sensitive,63,226.630704,306.438981,242.835657,141.925431,74.345631,0.933268,0.0,0.739562,1.596829,0.0
congestion_sensitive,64,228.722802,310.437681,246.390034,141.849655,74.95374,0.928296,0.0,0.736775,1.612431,0.0
congestion_sensitive,65,230.97676,314.465465,249.984689,141.774106,75.529378,0.923964,0.0,0.734506,1.629189,0.0
congestion_sensitive,66,233.121361,318.520031,253.619889,141.698783,76.134382,0.919176,0.0,0.731889,1.64519,0.0
congestion_sensitive,67,235.234006,322.600631,257.295895,141.623687,76.751132,0.914255,0.0,0.72918,1.660979,0.0
congestion_sensitive,68,237.335497,326.706938,261.012965,141.548816,77.374888,0.909286,0.0,0.726448,1.676704,0.0
congestion_sensitive,69,239.428092,330.838672,264.771351,141.47417,78.005138,0.904282,0.0,0.7237,1.69238,0.0
congestion_sensitive,70,241.55418,334.996401,268.571315,141.399747,78.632127,0.899404,0.0,0.721065,1.708307,0.0
congestion_sensitive,71,243.567902,339.177774,272.413093,141.325548,79.289448,0.894112,0.0,0.718113,1.723453,0.0
congestion_sensitive,72,245.759744,343.386257,276.296956,141.251571,79.9101,0.889477,0.0,0.715695,1.739873,0.0
congestion_sensitive,73,247.913228,347.620977,280.223166,141.177816,80.543981,0.884699,0.0,0.713171,1.756035,0.0
congestion_sensitive,74,249.98054,351.880104,284.191967,141.104283,81.20222,0.879619,0.0,0.710414,1.771601,0.0
congestion_sensitive,75,252.033466,356.163253,288.203599,141.03097,81.868239,0.874498,0.0,0.707635,1.787079,0.0
congestion_sensitive,76,254.000558,360.468611,292.258285,140.957877,82.558707,0.869096,0.0,0.70464,1.801961,0.0
congestion_sensitive,77,256.213102,364.800999,296.356295,140.885004,83.196349,0.864544,0.0,0.702337,1.818597,0.0
congestion_sensitive,78,258.372002,369.159235,300.497888,140.812349,83.850827,0.859813,0.0,0.699893,1.834867,0.0
congestion_sensitive,79,260.313293,373.538863,304.683276,140.739912,84.560654,0.854373,0.0,0.696884,1.849605,0.0
congestion_sensitive,80,262.246906,377.939646,308.912673,140.667692,85.276828,0.848935,0.0,0.693886,1.864301,8.0
congestion_sensitive,81,264.362614,382.36514,313.186324,148.595689,85.954572,0.844107,0.0,0.691388,1.779073,0.0
congestion_sensitive,82,266.617473,386.818029,317.504504,148.499902,86.603757,0.839728,0.0,0.689258,1.795405,0.0
congestion_sensitive,83,268.889971,391.298556,321.86749,148.404402,87.252979,0.835406,0.0,0.687173,1.811873,0.0
congestion_sensitive,84,271.059843,395.804559,326.275536,148.309189,87.930705,0.83077,0.0,0.684833,1.827667,0.0
congestion_sensitive,85,273.297101,400.337282,330.728908,148.214261,88.596699,0.826348,0.0,0.682667,1.843933,0.0
congestion_sensitive,86,275.5142,404.896217,335.227871,148.119618,89.271689,0.821871,0.0,0.680456,1.860079,0.0
congestion_sensitive,87,277.705411,409.480741,339.772678,148.02526,89.957059,0.817327,0.0,0.678189,1.876068,0.0
congestion_sensitive,88,279.982482,414.092467,344.363603,147.931184,90.626179,0.813043,0.0,0.676135,1.892654,0.0
congestion_sensitive,89,282.145515,418.729008,349.000893,147.83739,91.326701,0.808438,0.0,0.673814,1.908485,0.0
congestion_sensitive,90,284.260117,423.389294,353.684786,147.743878,92.043064,0.80371,0.0,0.671392,1.924006,0.0
congestion_sensitive,91,286.568077,428.077098,358.415557,147.650646,92.717319,0.799541,0.0,0.669431,1.940852,0.0
congestion_sensitive,92,288.706808,432.788926,363.193446,147.557694,93.436348,0.794912,0.0,0.667085,1.956569,0.0
congestion_sensitive,93,290.66729,437.521116,368.018657,147.465021,94.202578,0.789817,0.0,0.66435,1.971093,0.0
congestion_sensitive,94,292.869206,442.278416,372.891441,147.372626,94.914907,0.785401,0.0,0.662183,1.98727,0.0
congestion_sensitive,95,295.022363,447.05975,377.812039,147.280508,95.643203,0.780871,0.0,0.659917,2.003132,0.0
congestion_sensitive,96,297.194291,451.865396,382.780693,147.188667,96.371147,0.776409,0.0,0.657705,2.019138,0.0
congestion_sensitive,97,299.462775,456.69719,387.797665,147.097101,97.0798,0.772214,0.0,0.655714,2.035817,0.0
congestion_sensitive,98,301.585565,461.552113,392.863186,147.00581,97.828015,0.767661,0.0,0.653416,2.051521,0.0
congestion_sensitive,99,303.871783,466.43334,397.977519,146.914792,98.540561,0.76354,0.0,0.65148,2.068354,0.0
congestion_sensitive,100,306.04789,471.338564,403.140905,146.824048,99.284078,0.759159,0.0,0.649316,2.084453,8.0
high_accessibility_attraction,1,100.0,112.0,90.0,120.0,45.0,1.111111,0.0,0.892857,0.833333,0.0
high_accessibility_attraction,2,102.390708,114.249814,91.589165,119.99,45.253641,1.117935,0.0,0.8962,0.853327,0.0
high_accessibility_attraction,3,104.933119,116.541477,93.201042,119.98003,45.47876,1.125879,0.0,0.900393,0.874588,0.0
high_accessibility_attraction,4,107.304177,118.871395,94.835979,119.97009,45.747259,1.131471,0.0,0.902691,0.894424,0.0
high_accessibility_attraction,5,109.79407,121.241791,96.494453,119.96018,45.994843,1.137828,0.0,0.905579,0.915254,0.0
high_accessibility_attraction,6,112.161542,123.650054,98.176819,119.950299,46.274559,1.142444,0.0,0.907088,0.935067,0.0
high_accessibility_attraction,7,114.626406,126.097982,99.883525,119.940448,46.538321,1.147601,0.0,0.909026,0.955694,0.0
high_accessibility_attraction,8,117.204563,128.587682,101.614974,119.930627,46.783075,1.153418,0.0,0.911476,0.97727,0.0
high_accessibility_attraction,9,119.712196,131.117575,103.371547,119.920835,47.048616,1.158077,0.0,0.913014,0.99826,0.0
high_accessibility_attraction,10,122.244526,133.687995,105.153685,119.911072,47.314409,1.162532,0.0,0.914402,1.01946,0.0
high_accessibility_attraction,11,124.729477,136.297833,106.961787,119.901339,47.595798,1.166113,0.0,0.915124,1.040268,0.0
high_accessibility_attraction,12,127.176933,138.94618,108.796266,119.891635,47.890542,1.168946,0.0,0.915296,1.060766,0.0
high_accessibility_attraction,13,129.898522,141.638366,110.657581,119.88196,48.133228,1.173878,0.0,0.917114,1.083554,0.0
high_accessibility_attraction,14,132.224884,144.36631,112.546028,119.872314,48.464241,1.174852,0.0,0.915898,1.103048,0.0
high_accessibility_attraction,15,134.686946,147.132584,114.462108,119.862698,48.772252,1.176695,0.0,0.915412,1.123677,0.0
high_accessibility_attraction,16,137.314364,149.940341,116.40621,119.853109,49.051481,1.179614,0.0,0.915793,1.145689,0.0
high_accessibility_attraction,17,139.641235,152.783404,118.378656,119.84355,49.398283,1.179615,0.0,0.913982,1.165196,0.0
high_accessibility_attraction,18,142.005741,155.662385,120.379891,119.834019,49.742577,1.179647,0.0,0.912268,1.18502,0.0
high_accessibility_attraction,19,144.403408,158.577804,122.41028,119.824517,50.085341,1.179667,0.0,0.910616,1.205124,0.0
high_accessibility_attraction,20,146.734361,161.52818,124.470172,119.815044,50.447036,1.178872,0.0,0.908413,1.224674,8.0
high_accessibility_attraction,21,149.14327,164.514932,126.559955,127.805599,50.798063,1.17844,0.0,0.906564,1.166954,0.0
high_accessibility_attraction,22,151.642897,167.539731,128.679999,127.772182,51.135955,1.17845,0.0,0.905116,1.186822,0.0
high_accessibility_attraction,23,154.107438,170.60172,130.830663,127.738865,51.486357,1.177915,0.0,0.903317,1.206426,0.0
high_accessibility_attraction,24,156.469303,173.6987,133.012312,127.705649,51.862859,1.176352,0.0,0.900809,1.225234,0.0
high_accessibility_attraction,25,159.046802,176.834841,135.22537,127.672532,52.201135,1.176161,0.0,0.899409,1.24574,0.0
high_accessibility_attraction,26,161.409529,180.005692,137.470142,127.639514,52.588038,1.174142,0.0,0.896691,1.264573,0.0
high_accessibility_attraction,27,163.799963,183.211669,139.747035,127.606596,52.974623,1.172118,0.0,0.894048,1.283632,0.0
high_accessibility_attraction,28,166.272009,186.454262,142.056414,127.573776,53.350111,1.170465,0.0,0.891758,1.30334,0.0
high_accessibility_attraction,29,168.664215,189.731729,144.398617,127.541055,53.746874,1.168046,0.0,0.888962,1.322431,0.0
high_accessibility_attraction,30,171.250706,193.047817,146.774054,127.508431,54.11011,1.166764,0.0,0.88709,1.343054,0.0
high_accessibility_attraction,31,173.528532,196.396196,149.183013,127.475906,54.540202,1.163192,0.0,0.883564,1.361265,0.0
high_accessibility_attraction,32,176.084726,199.782306,151.62594,127.443478,54.920076,1.16131,0.0,0.881383,1.381669,0.0
high_accessibility_attraction,33,178.571918,203.204615,154.103147,127.411148,55.318981,1.158782,0.0,0.878779,1.401541,0.0
high_accessibility_attraction,34,180.975797,206.661312,156.614997,127.378915,55.739675,1.155546,0.0,0.875712,1.420767,0.0
high_accessibility_attraction,35,183.520577,210.155079,159.161881,127.346778,56.137682,1.153044,0.0,0.873263,1.441109,0.0
high_accessibility_attraction,36,185.916933,213.682797,161.744118,127.314737,56.570318,1.149451,0.0,0.87006,1.460294,0.0
high_accessibility_attraction,37,188.371029,217.245486,164.362089,127.282793,56.996741,1.146073,0.0,0.867088,1.479941,0.0
high_accessibility_attraction,38,190.7238,220.84098,167.016117,127.250945,57.448381,1.141948,0.0,0.863625,1.498801,0.0
high_accessibility_attraction,39,193.037129,224.468359,169.706542,127.219192,57.912983,1.137476,0.0,0.859975,1.517359,0.0
high_accessibility_attraction,40,195.694765,228.134381,172.433761,127.187534,58.314783,1.134898,0.0,0.857805,1.538632,8.0
high_accessibility_attraction,41,198.093191,231.833707,175.198052,135.155972,58.772913,1.130681,0.0,0.854462,1.465664,0.0
high_accessibility_attraction,42,200.67821,235.569937,177.999831,135.100504,59.199445,1.127407,0.0,0.851884,1.485399,0.0
high_accessibility_attraction,43,203.394775,239.345552,180.839464,135.045202,59.605332,1.124726,0.0,0.849796,1.506124,0.0
high_accessibility_attraction,44,205.969396,243.157558,183.717298,134.990067,60.044338,1.121121,0.0,0.847061,1.525811,0.0
high_accessibility_attraction,45,208.392239,247.002773,186.633692,134.935097,60.518284,1.116584,0.0,0.843684,1.544389,0.0
high_accessibility_attraction,46,210.917784,250.883117,189.589025,134.880291,60.977221,1.1125,0.0,0.840701,1.563741,0.0
high_accessibility_attraction,47,213.41145,254.797814,192.583629,134.82565,61.447541,1.108149,0.0,0.837572,1.58287,0.0
high_accessibility_attraction,48,215.993499,258.748492,195.617869,134.771173,61.905662,1.10416,0.0,0.834762,1.602668,0.0
high_accessibility_attraction,49,218.495306,262.733405,198.692078,134.71686,62.384618,1.099668,0.0,0.831624,1.621885,0.0
high_accessibility_attraction,50,221.001953,266.75251,201.806613,134.662709,62.867721,1.095117,0.0,0.828491,1.641152,0.0
high_accessibility_attraction,51,223.560398,270.806708,204.961827,134.608721,63.34577,1.090742,0.0,0.825535,1.660817,0.0
high_accessibility_attraction,52,226.121842,274.895918,208.158064,134.554895,63.828311,1.086299,0.0,0.822573,1.680517,0.0
high_accessibility_attraction,53,228.710137,279.020537,211.39568,134.50123,64.310667,1.081905,0.0,0.819689,1.700432,0.0
high_accessibility_attraction,54,231.242485,283.179305,214.675016,134.447727,64.809022,1.077175,0.0,0.816594,1.719943,0.0
high_accessibility_attraction,55,234.007422,287.376736,217.996468,134.394384,65.266953,1.073446,0.0,0.814288,1.741199,0.0
high_accessibility_attraction,56,236.603434,291.609297,221.360358,134.3412,65.762953,1.068861,0.0,0.811371,1.761213,0.0
high_accessibility_attraction,57,239.376376,295.880388,224.767096,134.288177,66.229447,1.064997,0.0,0.809031,1.782557,0.0
high_accessibility_attraction,58,242.03227,300.187512,228.217021,134.235312,66.723827,1.060536,0.0,0.80627,1.803045,0.0
high_accessibility_attraction,59,244.520827,304.527178,231.710477,134.182606,67.255869,1.055286,0.0,0.802952,1.822299,0.0
high_accessibility_attraction,60,247.099041,308.90105,235.247829,134.130058,67.775419,1.050378,0.0,0.799929,1.842235,8.0
high_accessibility_attraction,61,249.681809,313.309082,238.829408,142.077668,68.299066,1.04544,0.0,0.796919,1.757361,0.0
high_accessibility_attraction,62,252.137981,317.748606,242.455531,142.001435,68.852423,1.039935,0.0,0.793514,1.775602,0.0
high_accessibility_attraction,63,254.881326,322.225238,246.126585,141.925431,69.354617,1.03557,0.0,0.791004,1.795882,0.0
high_accessibility_attraction,64,257.7333,326.741003,249.842928,141.849655,69.840557,1.031581,0.0,0.7888,1.816947,0.0
high_accessibility_attraction,65,260.449797,331.293035,253.604911,141.774106,70.357901,1.02699,0.0,0.786161,1.837076,0.0
high_accessibility_attraction,66,262.919162,335.876246,257.412864,141.698783,70.92843,1.021391,0.0,0.782786,1.855479,0.0
high_accessibility_attraction,67,265.759469,340.49793,261.267201,141.623687,71.431425,1.017194,0.0,0.780502,1.876519,0.0
high_accessibility_attraction,68,268.333877,345.152616,265.168212,141.548816,71.991264,1.011938,0.0,0.777435,1.895698,0.0
high_accessibility_attraction,69,271.0366,349.842737,269.116281,141.47417,72.530926,1.007136,0.0,0.774738,1.915803,0.0
high_accessibility_attraction,70,273.866553,354.570698,273.111774,141.399747,73.050604,1.002764,0.0,0.772389,1.936825,0.0
high_accessibility_attraction,71,276.672241,359.33586,277.15505,141.325548,73.579898,0.998258,0.0,0.769954,1.957694,0.0
high_accessibility_attraction,72,279.491297,364.138342,281.246433,141.251571,74.111432,0.993759,0.0,0.767542,1.978677,0.0
high_accessibility_attraction,73,282.148117,368.974751,285.386181,141.177816,74.679468,0.988654,0.0,0.764681,1.99853,0.0
high_accessibility_attraction,74,284.946893,373.84779,289.574658,141.104283,75.224574,0.984019,0.0,0.7622,2.019406,0.0
high_accessibility_attraction,75,287.622058,378.75484,293.812207,141.03097,75.798629,0.978932,0.0,0.759388,2.039425,0.0
high_accessibility_attraction,76,290.42888,383.698398,298.099191,140.957877,76.351727,0.974269,0.0,0.75692,2.060395,0.0
high_accessibility_attraction,77,293.203244,388.677669,302.435968,140.885004,76.915939,0.969472,0.0,0.754361,2.081153,0.0
high_accessibility_attraction,78,295.98022,393.692563,306.822893,140.812349,77.484399,0.964661,0.0,0.751805,2.101948,0.0
high_accessibility_attraction,79,298.91741,398.746141,311.260355,140.739912,78.026265,0.960345,0.0,0.749643,2.123899,0.0
high_accessibility_attraction,80,301.564438,403.832445,315.748679,140.667692,78.629642,0.955077,0.0,0.746756,2.143807,8.0
high_accessibility_attraction,81,304.349692,408.954109,320.28822,148.595689,79.2107,0.950237,0.0,0.744215,2.048173,0.0
high_accessibility_attraction,82,307.081819,414.109929,324.879319,148.499902,79.806885,0.945218,0.0,0.741547,2.067892,0.0
high_accessibility_attraction,83,310.001258,419.303515,329.522355,148.404402,80.371059,0.940759,0.0,0.739324,2.088895,0.0
high_accessibility_attraction,84,312.922379,424.534748,334.217702,148.309189,80.939595,0.936283,0.0,0.737095,2.109933,0.0
high_accessibility_attraction,85,315.737795,429.801365,338.965716,148.214261,81.533534,0.931474,0.0,0.734613,2.130279,0.0
high_accessibility_attraction,86,318.714743,435.106455,343.76678,148.119618,82.100472,0.927125,0.0,0.732498,2.151739,0.0
high_accessibility_attraction,87,321.631204,440.448653,348.621267,148.02526,82.683934,0.922581,0.0,0.730235,2.172813,0.0
high_accessibility_attraction,88,324.360282,445.824064,353.529507,147.931184,83.308812,0.917491,0.0,0.727552,2.192643,0.0
high_accessibility_attraction,89,327.538777,451.241543,358.491923,147.83739,83.850154,0.913657,0.0,0.725861,2.215534,0.0
high_accessibility_attraction,90,330.604014,456.698657,363.508909,147.743878,84.418375,0.90948,0.0,0.7239,2.237683,0.0
high_accessibility_attraction,91,333.483793,462.191538,368.580825,147.650646,85.027591,0.904778,0.0,0.721527,2.2586,0.0
high_accessibility_attraction,92,336.508356,467.722939,373.708054,147.557694,85.613036,0.900458,0.0,0.719461,2.280521,0.0
high_accessibility_attraction,93,339.637847,473.294805,378.891002,147.465021,86.182526,0.8964,0.0,0.717603,2.303176,0.0
high_accessibility_attraction,94,342.60543,478.903734,384.13004,147.372626,86.78837,0.8919,0.0,0.715395,2.324756,0.0
high_accessibility_attraction,95,345.578569,484.54969,389.425536,147.280508,87.397726,0.887406,0.0,0.713195,2.346397,0.0
high_accessibility_attraction,96,348.537019,490.232232,394.777859,147.188667,88.014554,0.882869,0.0,0.710963,2.367961,0.0
high_accessibility_attraction,97,351.3903,495.949109,400.18735,147.097101,88.656613,0.878064,0.0,0.708521,2.388832,0.0
high_accessibility_attraction,98,354.277559,501.700864,405.654359,147.00581,89.296588,0.873348,0.0,0.706153,2.409956,0.0
high_accessibility_attraction,99,357.281164,507.489684,411.179255,146.914792,89.918258,0.868918,0.0,0.704017,2.431894,0.0
high_accessibility_attraction,100,360.290969,513.315544,416.762411,146.824048,90.543252,0.8645,0.0,0.70189,2.453896,8.0
low_policy_investment,1,100.0,112.0,90.0,120.0,45.0,1.111111,0.0,0.892857,0.833333,0.0
low_policy_investment,2,101.99418,114.241884,91.389086,119.79,45.243425,1.116043,0.0,0.892791,0.851442,0.0
low_policy_investment,3,104.02536,116.515423,92.800758,119.58063,45.484913,1.120954,0.0,0.892803,0.869918,0.0
low_policy_investment,4,106.054141,118.820444,94.235334,119.371888,45.733288,1.125418,0.0,0.892558,0.888435,0.0
low_policy_investment,5,108.023365,121.15563,95.693128,119.163772,46.001144,1.128852,0.0,0.891608,0.906512,0.0
low_policy_investment,6,110.139232,123.523792,97.1745,118.956281,46.242912,1.133417,0.0,0.891644,0.92588,0.0
low_policy_investment,7,112.172089,125.923139,98.679729,118.749412,46.509289,1.136729,0.0,0.890798,0.944612,0.0
low_policy_investment,8,114.237935,128.354205,100.209169,118.543164,46.774708,1.139995,0.0,0.890021,0.963682,0.0
low_policy_investment,9,116.242989,130.815648,101.763126,118.337535,47.059619,1.14229,0.0,0.888602,0.9823,0.0
low_policy_investment,10,118.511713,133.312619,103.341984,118.132522,47.293567,1.146792,0.0,0.888976,1.00321,0.0
low_policy_investment,11,120.538555,135.84014,104.945981,117.928124,47.586229,1.148577,0.0,0.887356,1.022136,0.0
low_policy_investment,12,122.71353,138.40105,106.575534,117.72434,47.853193,1.151423,0.0,0.886652,1.04238,0.0
low_policy_investment,13,124.855969,140.994565,108.230937,117.521167,48.133451,1.153607,0.0,0.885537,1.062413,0.0
low_policy_investment,14,126.922569,143.619038,109.91252,117.318603,48.436134,1.15476,0.0,0.883745,1.081862,0.0
low_policy_investment,15,129.075069,146.276064,111.620637,117.116648,48.726663,1.156373,0.0,0.882407,1.102107,0.0
low_policy_investment,16,131.135752,148.963674,113.355583,116.915298,49.04286,1.156853,0.0,0.88032,1.12163,0.0
low_policy_investment,17,133.108551,151.679991,115.117677,116.714552,49.383721,1.156282,0.0,0.877562,1.140462,0.0
low_policy_investment,18,135.131196,154.425895,116.907248,116.514408,49.720007,1.155884,0.0,0.875055,1.159781,0.0
low_policy_investment,19,137.178425,157.20176,118.724589,116.314865,50.057078,1.155434,0.0,0.872627,1.179371,0.0
low_policy_investment,20,139.290039,160.008753,120.570013,116.11592,50.386558,1.155263,0.0,0.870515,1.199577,2.0
low_policy_investment,21,141.33247,162.845368,122.443809,117.917573,50.736566,1.154264,0.0,0.867894,1.19857,0.0
low_policy_investment,22,143.365882,165.711304,124.346294,117.71382,51.094382,1.152957,0.0,0.865155,1.217919,0.0
low_policy_investment,23,145.41238,168.606706,126.277773,117.510678,51.455339,1.151528,0.0,0.862435,1.23744,0.0
low_policy_investment,24,147.382955,171.529939,128.238526,117.308146,51.838061,1.149288,0.0,0.859226,1.256374,0.0
low_policy_investment,25,149.298438,174.479788,130.228845,117.106222,52.238131,1.146431,0.0,0.855678,1.274898,0.0
low_policy_investment,26,151.242532,177.456719,132.24902,116.904903,52.63799,1.143619,0.0,0.852278,1.293723,0.0
low_policy_investment,27,153.309642,180.463085,134.299342,116.704189,53.017856,1.141552,0.0,0.849535,1.31366,0.0
low_policy_investment,28,155.339316,183.498019,136.380076,116.504076,53.411311,1.139018,0.0,0.846545,1.333338,0.0
low_policy_investment,29,157.255734,186.559142,138.491496,116.304564,53.834173,1.13549,0.0,0.842927,1.352103,0.0
low_policy_investment,30,159.097886,189.644863,140.63388,116.10565,54.278282,1.131291,0.0,0.838925,1.370285,0.0
low_policy_investment,31,160.892502,192.754133,142.807483,115.907333,54.738056,1.126639,0.0,0.834703,1.388113,0.0
low_policy_investment,32,162.802681,195.88917,145.012576,115.709611,55.17926,1.12268,0.0,0.831096,1.406994,0.0
low_policy_investment,33,164.750732,199.050628,147.249401,115.512482,55.618128,1.118855,0.0,0.827683,1.426259,0.0
low_policy_investment,34,166.827188,202.24097,149.518245,115.315945,56.035611,1.115765,0.0,0.824893,1.446697,0.0
low_policy_investment,35,168.91801,205.460366,151.819376,115.119997,56.455637,1.112625,0.0,0.822144,1.467321,0.0
low_policy_investment,36,170.940799,208.707341,154.153071,114.924637,56.895481,1.108903,0.0,0.819045,1.487416,0.0
low_policy_investment,37,173.00695,211.98265,156.51963,114.729863,57.331738,1.105337,0.0,0.816137,1.50795,0.0
low_policy_investment,38,175.050198,215.285724,158.919327,114.535674,57.778299,1.101504,0.0,0.813106,1.528347,0.0
low_policy_investment,39,176.862212,218.611825,161.352401,114.342067,58.278954,1.096124,0.0,0.809024,1.546782,0.0
low_policy_investment,40,178.820422,221.963786,163.819155,114.14904,58.75436,1.091572,0.0,0.805629,1.566552,2.0
low_policy_investment,41,180.889189,225.343715,166.319845,115.956593,59.211907,1.087598,0.0,0.802726,1.559973,0.0
low_policy_investment,42,182.86147,228.749569,168.854712,115.758723,59.695197,1.082952,0.0,0.799396,1.579678,0.0
low_policy_investment,43,184.934855,232.183268,171.424057,115.561447,60.162544,1.078815,0.0,0.796504,1.600316,0.0
low_policy_investment,44,186.877043,235.642076,174.028113,115.364763,60.662962,1.073832,0.0,0.793055,1.61988,0.0
low_policy_investment,45,188.871101,239.12693,176.667167,115.168669,61.157785,1.069079,0.0,0.789836,1.639952,0.0
low_policy_investment,46,190.90699,242.638562,179.34148,114.973163,61.649079,1.064489,0.0,0.786796,1.660448,0.0
low_policy_investment,47,192.937955,246.176766,182.051313,114.778243,62.146714,1.0598,0.0,0.783737,1.680963,0.0
low_policy_investment,48,194.872255,249.739504,184.796914,114.583908,62.67016,1.054521,0.0,0.780302,1.700695,0.0
low_policy_investment,49,196.976379,253.330074,187.57858,114.390157,63.162794,1.050101,0.0,0.777548,1.72197,0.0
low_policy_investment,50,198.926716,256.945288,190.396529,114.196986,63.69338,1.044802,0.0,0.774199,1.741961,0.0
low_policy_investment,51,201.019762,260.587902,193.251064,114.004395,64.198797,1.0402,0.0,0.771409,1.763263,0.0
low_policy_investment,52,203.042393,264.256398,196.142422,113.812382,64.724417,1.035178,0.0,0.768354,1.78401,0.0
low_policy_investment,53,204.867486,267.946723,199.070834,113.620945,65.297496,1.029119,0.0,0.764583,1.803079,0.0
low_policy_investment,54,206.684762,271.658631,202.036547,113.430082,65.877595,1.023007,0.0,0.760825,1.822134,0.0
low_policy_investment,55,208.788212,275.397761,205.039834,113.239792,66.401445,1.018281,0.0,0.758133,1.843771,0.0
low_policy_investment,56,210.926028,279.16469,208.080933,113.050072,66.92297,1.013673,0.0,0.755561,1.865775,0.0
low_policy_investment,57,212.932017,282.956672,211.160089,112.860922,67.477944,1.008391,0.0,0.752525,1.886676,0.0
low_policy_investment,58,214.897783,286.772801,214.277566,112.672339,68.046705,1.002894,0.0,0.749366,1.907281,0.0
low_policy_investment,59,216.813924,290.611988,217.433599,112.484322,68.631327,0.99715,0.0,0.74606,1.927503,0.0
low_policy_investment,60,218.75491,294.474638,220.628345,112.296869,69.21567,0.991509,0.0,0.742865,1.948005,2.0
low_policy_investment,61,220.798289,298.362705,223.861972,114.109979,69.782782,0.986314,0.0,0.740033,1.93496,0.0
low_policy_investment,62,222.836428,302.275983,227.134732,113.917649,70.35598,0.981076,0.0,0.737195,1.956119,0.0
low_policy_investment,63,224.801038,306.2129,230.446861,113.725896,70.950161,0.975501,0.0,0.734133,1.976692,0.0
low_policy_investment,64,226.684065,310.17173,233.798578,113.534718,71.567182,0.96957,0.0,0.730834,1.996606,0.0
low_policy_investment,65,228.650672,314.154056,237.190119,113.344114,72.170891,0.963997,0.0,0.72783,2.017314,0.0
low_policy_investment,66,230.787828,318.163196,240.621751,113.154082,72.742021,0.959131,0.0,0.725376,2.039589,0.0
low_policy_investment,67,232.611514,322.192774,244.093679,112.96462,73.38702,0.95296,0.0,0.721964,2.059154,0.0
low_policy_investment,68,234.6677,326.247357,247.606152,112.775726,73.985674,0.947746,0.0,0.719294,2.080835,0.0
low_policy_investment,69,236.742503,330.327218,251.159424,112.587399,74.585009,0.942599,0.0,0.716691,2.102744,0.0
low_policy_investment,70,238.733973,334.430588,254.75373,112.399636,75.207611,0.937117,0.0,0.713852,2.123975,0.0
low_policy_investment,71,240.940989,338.561686,258.389347,112.212437,75.787117,0.932473,0.0,0.711661,2.147186,0.0
low_policy_investment,72,242.818409,342.713807,262.066485,112.0258,76.444694,0.926553,0.0,0.708517,2.167522,0.0
low_policy_investment,73,244.75944,346.888141,265.785366,111.839723,77.092992,0.920891,0.0,0.705586,2.188484,0.0
low_policy_investment,74,246.667264,351.083933,269.546206,111.654204,77.753579,0.915121,0.0,0.702588,2.209207,0.0
low_policy_investment,75,248.736762,355.304333,273.349249,111.469241,78.382688,0.90996,0.0,0.700067,2.231439,0.0
low_policy_investment,76,250.855044,359.550216,277.194751,111.284833,79.005491,0.904978,0.0,0.697691,2.254171,0.0
low_policy_investment,77,252.859695,363.819209,281.082943,111.100979,79.658558,0.899591,0.0,0.695015,2.275945,0.0
low_policy_investment,78,254.745035,368.108833,285.014032,110.917676,80.343346,0.893798,0.0,0.692037,2.296704,0.0
low_policy_investment,79,256.825879,372.422915,288.988261,110.734923,80.988594,0.888707,0.0,0.689608,2.319285,0.0
low_policy_investment,80,258.984855,376.762921,293.00589,110.552718,81.620683,0.88389,0.0,0.687395,2.342637,2.0
low_policy_investment,81,260.836855,381.122606,297.067116,112.37106,82.327266,0.87804,0.0,0.684391,2.32121,0.0
low_policy_investment,82,262.854505,385.505206,301.172168,112.183947,83.000807,0.872772,0.0,0.681844,2.343067,0.0
low_policy_investment,83,264.895384,389.911093,305.321279,111.997395,83.673648,0.867596,0.0,0.679374,2.365192,0.0
low_policy_investment,84,266.96105,394.340669,309.514686,111.811403,84.345378,0.862515,0.0,0.676981,2.387601,0.0
low_policy_investment,85,269.019932,398.793705,313.752623,111.625968,85.023218,0.857427,0.0,0.674584,2.410012,0.0
low_policy_investment,86,271.208738,403.272705,318.03535,111.441091,85.67561,0.852763,0.0,0.672519,2.433651,0.0
low_policy_investment,87,273.254971,407.774714,322.363097,111.256767,86.365386,0.847662,0.0,0.670113,2.456075,0.0
low_policy_investment,88,275.269121,412.298997,326.736087,111.072997,87.067139,0.842482,0.0,0.667644,2.478272,0.0
low_policy_investment,89,277.345397,416.846709,331.154554,110.889778,87.759002,0.83751,0.0,0.665341,2.501091,0.0
low_policy_investment,90,279.437101,421.418065,335.618735,110.707109,88.451744,0.832603,0.0,0.663088,2.524112,0.0
low_policy_investment,91,281.35372,426.009467,340.128829,110.524987,89.189855,0.827198,0.0,0.66044,2.545612,0.0
low_policy_investment,92,283.207608,430.619581,344.685025,110.343412,89.947334,0.821642,0.0,0.657675,2.566602,0.0
low_policy_investment,93,285.243044,435.251964,349.287545,110.162382,90.666801,0.816642,0.0,0.655352,2.589296,0.0
low_policy_investment,94,287.381037,439.908576,353.936631,109.981895,91.366535,0.811956,0.0,0.653274,2.612985,0.0
low_policy_investment,95,289.490855,444.588759,358.632518,109.801949,92.077263,0.807207,0.0,0.651143,2.636482,0.0
low_policy_investment,96,291.439013,449.289185,363.37541,109.622543,92.830658,0.802033,0.0,0.648667,2.658568,0.0
low_policy_investment,97,293.429584,454.010619,368.165516,109.443676,93.578503,0.797005,0.0,0.646306,2.681101,0.0
low_policy_investment,98,295.515544,458.754888,373.003065,109.265345,94.308067,0.79226,0.0,0.644169,2.704568,0.0
low_policy_investment,99,297.735371,463.524576,377.888311,109.087549,95.009984,0.787893,0.0,0.642329,2.729325,0.0
low_policy_investment,100,299.987527,468.320228,382.821513,108.910286,95.708363,0.783622,0.0,0.640561,2.754446,2.0
managed_growth,1,100.0,118.0,95.0,130.0,47.5,1.052632,0.0,0.847458,0.769231,0.0
managed_growth,2,102.045353,120.618907,97.10461,130.41,48.060799,1.050881,0.0,0.846015,0.782496,0.0
managed_growth,3,104.051685,123.267465,99.235758,130.81877,48.632658,1.04853,0.0,0.844113,0.795388,0.0
managed_growth,4,106.158078,125.947557,101.393778,131.226314,49.182539,1.046988,0.0,0.842875,0.808969,0.0
managed_growth,5,108.25572,128.658881,103.578957,131.632635,49.736429,1.045152,0.0,0.841417,0.822408,0.0
managed_growth,6,110.2277,131.398799,105.791591,132.037737,50.322384,1.041933,0.0,0.838879,0.83482,0.0
managed_growth,7,112.244088,134.168086,108.032014,132.441624,50.899893,1.038989,0.0,0.836593,0.847499,0.0
managed_growth,8,114.433933,136.970092,110.300545,132.844299,51.438009,1.037474,0.0,0.835467,0.861414,0.0
managed_growth,9,116.524815,139.802708,112.597448,133.245766,52.002099,1.03488,0.0,0.833495,0.87451,0.0
managed_growth,10,118.676218,142.667022,114.923071,133.646029,52.553987,1.032658,0.0,0.831841,0.887989,0.0
managed_growth,11,120.883126,145.564016,117.277732,134.04509,53.094926,1.030742,0.0,0.830446,0.901809,0.0
managed_growth,12,122.887842,148.489517,119.661705,134.442955,53.686959,1.02696,0.0,0.827586,0.914052,0.0
managed_growth,13,124.902234,151.443604,122.075332,134.839626,54.279288,1.023157,0.0,0.824744,0.926302,0.0
managed_growth,14,127.102437,154.429878,124.518936,135.235107,54.829414,1.020748,0.0,0.823043,0.939863,0.0
managed_growth,15,129.125352,157.444665,126.99276,135.629402,55.425015,1.016793,0.0,0.820132,0.952045,12.0
managed_growth,16,131.180263,160.488492,129.497141,148.022514,56.015656,1.012997,0.0,0.817381,0.886218,0.0
managed_growth,17,133.29614,163.562461,132.032376,148.378446,56.594325,1.009572,0.0,0.814956,0.898352,0.0
managed_growth,18,135.472248,166.667656,134.598766,148.733311,57.161201,1.00649,0.0,0.812829,0.91084,0.0
managed_growth,19,137.716739,169.80532,137.196624,149.087111,57.71433,1.003791,0.0,0.811027,0.923733,0.0
managed_growth,20,139.834409,172.972787,139.826238,149.43985,58.301158,1.000058,0.0,0.808419,0.935724,0.0
managed_growth,21,142.098433,176.172865,142.487965,149.79153,58.855385,0.997266,0.0,0.806585,0.948641,0.0
managed_growth,22,144.340165,179.404976,145.182015,150.142156,59.41799,0.994201,0.0,0.804549,0.961357,0.0
managed_growth,23,146.504272,182.667442,147.908689,150.491729,60.002485,0.990505,0.0,0.802027,0.973504,0.0
managed_growth,24,148.564623,185.958065,150.66827,150.840254,60.615331,0.986038,0.0,0.798915,0.984914,0.0
managed_growth,25,150.975866,189.28375,153.461107,151.187733,61.145763,0.983805,0.0,0.797617,0.998599,0.0
managed_growth,26,153.147289,192.639561,156.287503,151.53417,61.737775,0.979907,0.0,0.794994,1.010645,0.0
managed_growth,27,155.328736,196.025577,159.147759,151.879568,62.330532,0.976003,0.0,0.79239,1.02271,0.0
managed_growth,28,157.530352,199.442082,162.04218,152.223929,62.921585,0.972156,0.0,0.789855,1.034859,0.0
managed_growth,29,159.615086,202.886615,164.971046,152.567257,63.544476,0.967534,0.0,0.786721,1.046195,0.0
managed_growth,30,161.95334,206.364135,167.934687,152.909555,64.108626,0.964383,0.0,0.784794,1.059145,12.0
managed_growth,31,164.411574,209.87691,170.933456,165.250827,64.646737,0.961845,0.0,0.783371,0.994921,0.0
managed_growth,32,166.833593,213.424075,173.967697,165.555074,65.197075,0.958992,0.0,0.7817,1.007723,0.0
managed_growth,33,169.221349,217.004805,177.037745,165.858409,65.759177,0.955849,0.0,0.779805,1.020276,0.0
managed_growth,34,171.507902,220.616944,180.143914,166.160834,66.349419,0.95206,0.0,0.777401,1.03218,0.0
managed_growth,35,173.819907,224.260874,183.286523,166.462351,66.936888,0.948351,0.0,0.775079,1.0442,0.0
managed_growth,36,176.113459,227.9361,186.465884,166.762964,67.532341,0.944481,0.0,0.772644,1.056071,0.0
managed_growth,37,178.48618,231.644079,189.682325,167.062675,68.111935,0.940974,0.0,0.770519,1.068379,0.0
managed_growth,38,180.852148,235.384546,192.93617,167.361487,68.696705,0.937368,0.0,0.768326,1.080608,0.0
managed_growth,39,183.331207,239.159632,196.227767,167.659403,69.257379,0.934278,0.0,0.766564,1.093474,0.0
managed_growth,40,185.587384,242.964741,199.557414,167.956425,69.876131,0.929995,0.0,0.763845,1.104973,0.0
managed_growth,41,187.864979,246.800182,202.925416,168.252555,70.493263,0.925783,0.0,0.761203,1.116565,0.0
managed_growth,42,190.148054,250.665942,206.332075,168.547798,71.112686,0.921563,0.0,0.758572,1.128155,0.0
managed_growth,43,192.532502,254.563928,209.777715,168.842154,71.710908,0.917793,0.0,0.756323,1.140311,0.0
managed_growth,44,195.088918,258.497451,213.262689,169.135628,72.270653,0.914782,0.0,0.754703,1.153447,0.0
managed_growth,45,197.440671,262.462275,216.787312,169.428221,72.88422,0.910758,0.0,0.752263,1.165335,12.0
managed_growth,46,199.712967,266.456685,220.351879,181.719936,73.520969,0.906337,0.0,0.749514,1.099015,0.0
managed_growth,47,202.133876,270.483536,223.956714,181.974776,74.124993,0.902558,0.0,0.747306,1.11078,0.0
managed_growth,48,204.63476,274.544297,227.602157,182.228852,74.713128,0.89909,0.0,0.745362,1.122955,0.0
managed_growth,49,207.152211,278.639164,231.288549,182.482165,75.300955,0.895644,0.0,0.743443,1.135192,0.0
managed_growth,50,209.824058,282.771088,235.01626,182.734719,75.854749,0.892807,0.0,0.742028,1.148244,0.0
managed_growth,51,212.412654,286.938257,238.785642,182.986515,76.432769,0.889554,0.0,0.740273,1.16081,0.0
managed_growth,52,214.899231,291.138489,242.597027,183.237555,77.039574,0.885828,0.0,0.738134,1.17279,0.0
managed_growth,53,217.340079,295.370736,246.450734,183.487843,77.661396,0.88188,0.0,0.735821,1.184493,0.0
managed_growth,54,219.782389,299.634901,250.347083,183.737379,78.286701,0.877911,0.0,0.733501,1.196177,0.0
managed_growth,55,222.171663,303.929795,254.286381,183.986167,78.928848,0.873706,0.0,0.730997,1.207545,0.0
managed_growth,56,224.600774,308.256091,258.268942,184.234208,79.565104,0.869639,0.0,0.728617,1.219105,0.0
managed_growth,57,226.997201,312.613011,262.295072,184.481506,80.213247,0.865427,0.0,0.726128,1.23046,0.0
managed_growth,58,229.471589,317.00199,266.365092,184.728061,80.846149,0.861493,0.0,0.723881,1.242213,0.0
managed_growth,59,232.002862,321.42404,270.479333,184.973877,81.468976,0.857747,0.0,0.721797,1.254247,0.0
managed_growth,60,234.539915,325.879142,274.638124,185.218956,82.094277,0.853996,0.0,0.719714,1.266285,12.0
managed_growth,61,237.142134,330.368468,278.841809,197.463299,82.707494,0.850454,0.0,0.717811,1.200943,0.0
managed_growth,62,239.698673,334.890967,283.090718,197.670909,83.335833,0.84672,0.0,0.715751,1.212615,0.0
managed_growth,63,242.213577,339.445675,287.385175,197.877896,83.978309,0.842819,0.0,0.713556,1.224056,0.0
managed_growth,64,244.547969,344.028852,291.725464,198.084262,84.669042,0.838281,0.0,0.710836,1.234565,0.0
managed_growth,65,247.22704,348.647277,296.111937,198.29001,85.279054,0.834911,0.0,0.709104,1.246795,0.0
managed_growth,66,249.894375,353.300576,300.544942,198.49514,85.895906,0.831471,0.0,0.707314,1.258945,0.0
managed_growth,67,252.544786,357.988269,305.024825,198.699654,86.520873,0.827948,0.0,0.705455,1.270988,0.0
managed_growth,68,255.225991,362.710836,309.551933,198.903555,87.142254,0.824501,0.0,0.703662,1.283165,0.0
managed_growth,69,257.70688,367.46413,314.126575,199.106844,87.816755,0.820392,0.0,0.701312,1.294315,0.0
managed_growth,70,260.437021,372.253014,318.749105,199.309524,88.434064,0.81706,0.0,0.699624,1.306696,0.0
managed_growth,71,262.998539,377.073973,323.419845,199.511595,89.096735,0.81318,0.0,0.697472,1.318212,0.0
managed_growth,72,265.563076,381.926938,328.139114,199.713061,89.762652,0.8093,0.0,0.695324,1.329723,0.0
managed_growth,73,268.118289,386.811596,332.90723,199.913921,90.434852,0.805384,0.0,0.69315,1.341169,0.0
managed_growth,74,270.634498,391.72704,337.7245,200.11418,91.120633,0.801347,0.0,0.690875,1.3524,0.0
managed_growth,75,273.325086,396.676633,342.591267,200.313837,91.767545,0.797817,0.0,0.689038,1.364484,12.0
managed_growth,76,276.05491,401.661025,347.507877,212.512896,92.408813,0.794385,0.0,0.687283,1.299003,0.0
managed_growth,77,278.640377,406.677189,352.474649,212.675357,93.089557,0.790526,0.0,0.685164,1.310168,0.0
managed_growth,78,281.195683,411.724393,357.491893,212.837331,93.781727,0.786579,0.0,0.682971,1.321177,0.0
managed_growth,79,284.04812,416.808458,362.559977,212.998819,94.404831,0.783451,0.0,0.681484,1.333567,0.0
managed_growth,80,286.634239,421.923909,367.679216,213.159822,95.097428,0.779577,0.0,0.679351,1.344692,0.0
managed_growth,81,289.241549,427.071045,372.849927,213.320343,95.78883,0.775759,0.0,0.677268,1.355902,0.0
managed_growth,82,291.995514,432.252671,378.072453,213.480382,96.448158,0.772327,0.0,0.67552,1.367786,0.0
managed_growth,83,294.787309,437.469406,383.347148,213.639941,97.102196,0.768983,0.0,0.673847,1.379832,0.0
managed_growth,84,297.426915,442.718067,388.674328,213.799021,97.797686,0.765234,0.0,0.67182,1.391152,0.0
managed_growth,85,300.09841,447.999163,394.05432,213.957624,98.489349,0.761566,0.0,0.669864,1.402607,0.0
managed_growth,86,302.827213,453.31371,399.487457,214.115751,99.170921,0.758039,0.0,0.66803,1.414315,0.0
managed_growth,87,305.79358,458.666327,404.97412,214.273404,99.79806,0.755094,0.0,0.666702,1.427119,0.0
managed_growth,88,308.684311,464.055348,410.514674,214.430584,100.447867,0.751945,0.0,0.665189,1.439554,0.0
managed_growth,89,311.396596,469.477059,416.109444,214.587292,101.145573,0.748353,0.0,0.663284,1.451142,0.0
managed_growth,90,314.308511,474.935321,421.758797,214.74353,101.798246,0.745233,0.0,0.661792,1.463646,12.0
managed_growth,91,317.041072,480.426401,427.463061,226.899299,102.499032,0.741681,0.0,0.659916,1.397277,0.0
managed_growth,92,319.817326,485.951042,433.222572,227.018601,103.193114,0.738229,0.0,0.658127,1.408771,0.0
managed_growth,93,322.661978,491.510477,439.037677,227.137546,103.87442,0.73493,0.0,0.65647,1.420558,0.0
managed_growth,94,325.297883,497.100393,444.908681,227.256133,104.611073,0.731157,0.0,0.654391,1.431415,0.0
managed_growth,95,328.052581,502.723043,450.835911,227.374365,105.322554,0.727654,0.0,0.652551,1.442786,0.0
managed_growth,96,330.75266,508.377204,456.819683,227.492241,106.051506,0.724033,0.0,0.650605,1.453907,0.0
managed_growth,97,333.535831,514.064412,462.860327,227.609765,106.764031,0.720597,0.0,0.648821,1.465385,0.0
managed_growth,98,336.379225,519.785739,468.958185,227.726935,107.465745,0.71729,0.0,0.64715,1.477117,0.0
managed_growth,99,339.260794,525.541811,475.113603,227.843755,108.162078,0.714062,0.0,0.645545,1.489006,0.0
managed_growth,100,342.039622,531.330437,481.326907,227.960223,108.887729,0.710618,0.0,0.643742,1.500436,0.0
